City_ID,City,Lat,Lng,Max Temp,Humidity,Cloudiness,Wind Speed,Country,Date
0,Codrington,-28.95,153.24,89.6,51,99,17.22,AU,2019-12-31 06:37:22
1,Rikitea,-23.12,-134.97,77.45,85,100,11.23,PF,2019-12-31 06:37:23
2,General Pico,-35.66,-63.75,68.56,95,0,4.85,AR,2019-12-31 06:37:23
3,Mataura,-46.19,168.86,72.0,65,42,5.99,NZ,2019-12-31 06:35:46
4,Esperance,-33.86,121.89,77.0,41,0,12.75,AU,2019-12-31 06:37:26
5,Storforshei,66.4,14.52,30.2,86,75,2.24,NO,2019-12-31 06:37:26
6,Victoria,5.28,115.24,86.0,74,75,12.75,BN,2019-12-31 06:35:20
7,Abha,18.22,42.5,62.6,51,0,12.75,SA,2019-12-31 06:35:07
8,Marsh Harbour,26.54,-77.06,75.34,86,33,13.04,BS,2019-12-31 06:37:27
9,Preobrazheniye,42.9,133.91,5.11,54,0,6.4,RU,2019-12-31 06:37:27
10,Ushuaia,-54.81,-68.31,44.6,56,20,6.93,AR,2019-12-31 06:37:28
11,Thompson,55.74,-97.86,6.8,84,90,3.36,CA,2019-12-31 06:36:05
12,Bonavista,48.65,-53.11,32.0,89,98,8.99,CA,2019-12-31 06:37:28
13,Hobart,-42.88,147.33,71.6,24,74,19.46,AU,2019-12-31 06:37:28
14,Yellowknife,62.45,-114.38,9.0,84,90,5.82,CA,2019-12-31 06:33:27
15,Albany,42.65,-73.75,35.01,86,90,4.7,US,2019-12-31 06:36:22
16,Castro,-42.48,-73.76,48.2,87,0,2.24,CL,2019-12-31 06:37:29
17,New Norfolk,-42.78,147.06,71.6,24,96,19.46,AU,2019-12-31 06:35:12
18,Bluff,-23.58,149.07,94.5,18,0,11.05,AU,2019-12-31 06:37:30
19,Beidao,34.57,105.89,40.53,55,89,13.31,CN,2019-12-31 06:37:30
20,Alyangula,-13.85,136.42,95.0,47,40,6.93,AU,2019-12-31 06:37:31
21,Port Alfred,-33.59,26.89,71.01,82,87,1.99,ZA,2019-12-31 06:37:31
22,Sharjah,25.36,55.39,77.0,68,20,6.93,AE,2019-12-31 06:33:53
23,Jamestown,-33.21,138.6,79.92,16,0,13.65,AU,2019-12-31 06:37:32
24,Khatanga,71.98,102.47,-21.3,85,96,9.1,RU,2019-12-31 06:37:32
25,Cartagena Del Chaira,1.33,-74.84,72.12,98,100,2.24,CO,2019-12-31 06:37:32
26,Georgetown,6.8,-58.16,75.2,94,40,4.7,GY,2019-12-31 06:37:33
27,Kaitangata,-46.28,169.85,66.0,73,56,4.0,NZ,2019-12-31 06:37:33
28,Katsuura,33.93,134.5,46.4,45,75,17.22,JP,2019-12-31 06:37:33
29,Punta Arenas,-53.16,-70.91,41.0,86,95,6.93,CL,2019-12-31 06:37:33
30,Lagoa,37.14,-8.45,53.01,76,0,5.82,PT,2019-12-31 06:37:34
31,Buribay,51.96,58.16,4.82,95,89,15.39,RU,2019-12-31 06:37:34
32,Mahebourg,-20.41,57.7,82.4,78,75,13.87,MU,2019-12-31 06:36:53
33,Ribeira Grande,38.52,-28.7,60.66,92,100,17.47,PT,2019-12-31 06:35:59
34,Pevek,69.7,170.27,-19.68,94,100,4.43,RU,2019-12-31 06:37:35
35,Airai,-8.93,125.41,79.63,71,91,4.45,TL,2019-12-31 06:37:35
36,Kodiak,39.95,-94.76,30.99,68,1,11.41,US,2019-12-31 06:36:19
37,Gizo,31.8,34.94,53.6,54,2,8.05,IL,2019-12-31 06:37:36
38,Saskylakh,71.97,114.09,-33.02,93,0,11.61,RU,2019-12-31 06:37:36
39,Aklavik,68.22,-135.01,-13.0,75,75,2.24,CA,2019-12-31 06:37:36
40,Union City,36.42,-89.06,41.0,69,90,8.05,US,2019-12-31 06:37:36
41,Cascais,38.7,-9.42,51.01,100,90,5.82,PT,2019-12-31 06:37:37
42,Polson,47.69,-114.16,30.99,92,90,5.82,US,2019-12-31 06:37:37
43,Hilo,19.71,-155.08,73.4,78,75,4.7,US,2019-12-31 06:32:43
44,Mar Del Plata,-46.43,-67.52,54.82,78,0,11.79,AR,2019-12-31 06:37:38
45,Bredasdorp,-34.53,20.04,69.8,52,88,9.17,ZA,2019-12-31 06:36:17
46,Kharp,66.82,65.8,8.01,96,100,12.17,RU,2019-12-31 06:37:38
47,Shingu,33.72,135.99,50.0,56,75,27.51,JP,2019-12-31 06:37:38
48,Norman Wells,65.28,-126.83,-18.4,75,75,3.36,CA,2019-12-31 06:36:27
49,Sechura,-5.56,-80.82,70.7,87,80,10.04,PE,2019-12-31 06:37:39
50,Khagaria,25.51,86.48,69.73,37,0,4.38,IN,2019-12-31 06:37:39
51,Tota,5.56,-72.99,48.69,96,100,1.97,CO,2019-12-31 06:37:40
52,Tolaga Bay,-38.37,178.3,62.51,73,0,15.86,NZ,2019-12-31 06:37:40
53,Nikolskoye,59.7,30.79,37.99,93,90,15.66,RU,2019-12-31 06:37:40
54,Komsomolskiy,67.55,63.78,12.76,93,100,16.73,RU,2019-12-31 06:37:40
55,Bage,12.95,75.85,75.92,60,19,7.23,IN,2019-12-31 06:37:41
56,Tabuk,17.41,121.44,81.9,69,33,9.91,PH,2019-12-31 06:37:41
57,Busselton,-33.64,115.35,84.0,23,0,16.98,AU,2019-12-31 06:37:41
58,Bethel,60.79,-161.76,-5.8,76,1,16.11,US,2019-12-31 06:35:44
59,Huoqiu,32.34,116.27,37.02,26,0,7.34,CN,2019-12-31 06:37:41
60,Punta Alta,-27.46,-55.82,82.4,74,98,2.24,AR,2019-12-31 06:37:42
61,Rocha,-34.48,-54.34,69.01,97,100,8.1,UY,2019-12-31 06:36:26
62,Big Spring,32.25,-101.48,34.0,47,1,8.05,US,2019-12-31 06:37:42
63,Hermanus,-34.42,19.24,70.0,69,0,8.01,ZA,2019-12-31 06:37:42
64,Westport,41.14,-73.36,39.2,86,90,14.99,US,2019-12-31 06:33:17
65,Luis Correia,-2.88,-41.67,75.13,92,100,3.98,BR,2019-12-31 06:37:43
66,Saint George,39.45,22.34,39.2,64,40,9.17,GR,2019-12-31 06:37:43
67,Tiksi,71.64,128.87,-21.51,87,100,7.83,RU,2019-12-31 06:35:50
68,San Patricio,-26.98,-56.83,76.15,77,42,4.65,PY,2019-12-31 06:37:44
69,Dingle,11.0,122.67,83.1,68,17,15.01,PH,2019-12-31 06:37:44
70,Ust-Kulom,61.69,53.69,17.44,94,100,9.26,RU,2019-12-31 06:37:44
71,Wewak,-3.55,143.63,81.88,81,99,7.49,PG,2019-12-31 06:37:45
72,Constanza,18.91,-70.74,73.4,100,75,6.93,DO,2019-12-31 06:37:45
73,Kupang,-10.16,123.6,100.4,45,75,6.93,ID,2019-12-31 06:37:46
74,Singaparna,-7.35,108.11,81.19,78,85,5.84,ID,2019-12-31 06:37:46
75,Tazovskiy,67.47,78.7,9.34,70,100,24.65,RU,2019-12-31 06:37:46
76,Coihaique,-45.58,-72.07,50.0,76,45,2.24,CL,2019-12-31 06:37:46
77,Kalmunai,7.42,81.82,81.27,77,86,9.22,LK,2019-12-31 06:37:46
78,Torbay,47.66,-52.73,34.0,86,90,20.8,CA,2019-12-31 06:37:47
79,Vila Velha,-3.71,-38.6,81.0,78,40,2.24,BR,2019-12-31 06:37:47
80,Mbanza-Ngungu,-5.25,14.87,70.77,93,63,2.39,CD,2019-12-31 06:37:47
81,Kapaa,22.08,-159.32,77.0,73,75,17.22,US,2019-12-31 06:37:48
82,Broome,52.47,1.45,43.0,100,96,2.24,GB,2019-12-31 06:36:49
83,Ituporanga,-27.41,-49.6,73.0,98,69,5.01,BR,2019-12-31 06:37:48
84,Bollene,44.28,4.75,36.0,100,0,2.42,FR,2019-12-31 06:37:49
85,Luanda,-8.83,13.24,78.8,88,75,5.82,AO,2019-12-31 06:37:49
86,Lompoc,34.64,-120.46,50.0,70,1,10.16,US,2019-12-31 06:37:49
87,Sagar,23.84,78.75,66.65,30,6,6.98,IN,2019-12-31 06:37:50
88,Batagay-Alyta,67.8,130.41,-26.07,84,48,4.16,RU,2019-12-31 06:37:50
89,Lianran,24.92,102.47,60.01,44,40,17.9,CN,2019-12-31 06:37:51
90,Saint-Philippe,45.36,-73.48,32.0,92,90,10.29,CA,2019-12-31 06:37:51
91,Clyde River,70.47,-68.59,-20.2,75,1,14.99,CA,2019-12-31 06:37:51
92,Lebu,8.96,38.73,59.56,57,15,4.18,ET,2019-12-31 06:36:22
93,Grand Gaube,-20.01,57.66,82.4,78,75,13.87,MU,2019-12-31 06:37:51
94,East London,-33.02,27.91,69.8,68,99,2.24,ZA,2019-12-31 06:37:52
95,Port-Cartier,50.03,-66.88,8.01,71,5,8.05,CA,2019-12-31 06:37:52
96,Tuktoyaktuk,69.44,-133.03,-11.2,69,90,5.82,CA,2019-12-31 06:37:52
97,Znamenskoye,57.13,73.82,-3.91,96,82,5.03,RU,2019-12-31 06:37:53
98,Padang,-0.92,100.36,80.69,75,60,1.45,ID,2019-12-31 06:37:53
99,Bathsheba,13.22,-59.52,78.8,78,40,16.11,BB,2019-12-31 06:36:45
100,Kavieng,-2.57,150.8,85.03,71,1,9.89,PG,2019-12-31 06:37:56
101,Ponta Do Sol,-20.63,-46.0,63.57,89,82,2.26,BR,2019-12-31 06:37:56
102,Yako,12.96,-2.26,61.09,14,10,10.65,BF,2019-12-31 06:37:56
103,Bambous Virieux,-20.34,57.76,82.4,78,75,13.87,MU,2019-12-31 06:36:54
104,Alice Springs,-23.7,133.88,100.4,18,0,9.17,AU,2019-12-31 06:37:57
105,Havre-Saint-Pierre,50.23,-63.6,3.2,71,1,2.24,CA,2019-12-31 06:37:57
106,Palatka,60.1,150.94,4.96,64,82,7.96,RU,2019-12-31 06:37:58
107,Vaini,15.34,74.49,78.8,29,20,6.93,IN,2019-12-31 06:37:58
108,Severo-Kurilsk,50.68,156.12,27.77,86,100,23.33,RU,2019-12-31 06:37:59
109,North Bend,43.41,-124.22,45.0,100,1,3.36,US,2019-12-31 06:37:08
110,Cartagena,37.63,-1.0,46.0,100,26,4.7,ES,2019-12-31 06:37:59
111,Kruisfontein,-34.0,24.73,65.16,70,0,3.24,ZA,2019-12-31 06:37:08
112,Butaritari,3.07,172.79,83.62,77,100,12.15,KI,2019-12-31 06:35:53
113,Saldanha,41.42,-6.55,38.82,66,0,1.52,PT,2019-12-31 06:38:00
114,Ankazoabo,-22.29,44.51,83.26,58,5,4.7,MG,2019-12-31 06:38:00
115,Kijang,35.24,129.21,37.4,13,0,11.41,KR,2019-12-31 06:38:00
116,Richards Bay,-28.77,32.06,75.65,88,32,33.87,ZA,2019-12-31 06:38:01
117,Ahuimanu,21.44,-157.84,77.0,73,40,13.87,US,2019-12-31 06:38:01
118,Roald,62.58,6.12,37.99,74,75,16.11,NO,2019-12-31 06:38:01
119,Dikson,73.51,80.55,10.72,91,100,28.27,RU,2019-12-31 06:36:07
120,Goderich,43.74,-81.71,36.0,85,93,5.99,CA,2019-12-31 06:38:02
121,Abalak,15.46,6.28,53.26,34,11,9.42,NE,2019-12-31 06:38:02
122,Atuona,-9.8,-139.03,80.35,75,1,14.94,PF,2019-12-31 06:38:02
123,Houma,35.63,111.36,28.58,23,75,7.02,CN,2019-12-31 06:38:02
124,Desna,50.92,30.77,36.0,64,63,15.66,UA,2019-12-31 06:38:03
125,Fortuna,40.6,-124.16,46.99,100,90,3.36,US,2019-12-31 06:38:03
126,Puerto Ayora,-0.74,-90.35,73.0,85,62,10.42,EC,2019-12-31 06:38:03
127,Sur,22.57,59.53,72.77,60,1,7.38,OM,2019-12-31 06:38:03
128,Sitka,37.17,-99.65,23.0,78,0,9.1,US,2019-12-31 06:38:04
129,Abbeville,50.11,1.83,34.0,59,90,2.24,FR,2019-12-31 06:38:04
130,Qaanaaq,77.48,-69.36,-36.26,90,98,3.62,GL,2019-12-31 06:38:04
131,Natal,-5.81,-35.21,80.6,74,40,4.7,BR,2019-12-31 06:38:04
132,Hasaki,35.73,140.83,64.0,55,40,17.22,JP,2019-12-31 06:38:05
133,Lingao,19.91,109.69,72.25,82,78,24.56,CN,2019-12-31 06:38:05
134,Christchurch,-43.53,172.64,64.0,72,0,16.11,NZ,2019-12-31 06:38:05
135,Vila Franca Do Campo,37.72,-25.43,62.6,93,75,16.11,PT,2019-12-31 06:38:05
136,Namibe,-15.19,12.15,74.1,85,100,4.65,AO,2019-12-31 06:38:06
137,Abonnema,4.71,6.79,69.8,94,90,2.44,NG,2019-12-31 06:38:06
138,Hamilton,43.26,-79.87,37.99,86,90,12.75,CA,2019-12-31 06:33:40
139,Barrow,-38.31,-60.23,65.3,95,100,5.28,AR,2019-12-31 06:36:04
140,Piacabucu,-10.41,-36.43,77.0,82,84,8.39,BR,2019-12-31 06:38:07
141,Andili,7.46,125.97,91.4,52,20,9.17,PH,2019-12-31 06:38:07
142,Muqui,-20.96,-41.35,63.64,96,11,2.57,BR,2019-12-31 06:38:08
143,Kudahuvadhoo,2.67,72.89,82.38,79,90,11.97,MV,2019-12-31 06:36:47
144,Klaksvik,62.23,-6.59,44.6,81,100,18.34,FO,2019-12-31 06:38:08
145,Nawabganj,24.6,88.27,73.45,39,0,4.76,BD,2019-12-31 06:38:09
146,Onega,63.91,38.09,25.95,89,100,8.75,RU,2019-12-31 06:38:09
147,Praia,-20.25,-43.81,68.0,64,0,6.93,BR,2019-12-31 06:38:09
148,Hofn,64.25,-15.21,43.23,88,100,36.15,IS,2019-12-31 06:37:26
149,Oranjemund,-28.55,16.43,63.1,75,100,11.56,ZA,2019-12-31 06:38:09
150,Longyearbyen,78.22,15.63,-2.2,70,9,3.36,NO,2019-12-31 06:38:10
151,Cabo San Lucas,22.89,-109.91,62.01,82,5,1.5,MX,2019-12-31 06:35:39
152,Kahului,20.89,-156.47,75.2,69,1,18.34,US,2019-12-31 06:38:10
153,Okhotsk,59.36,143.24,12.92,85,100,11.01,RU,2019-12-31 06:38:10
154,Qaqortoq,60.72,-46.03,10.4,55,0,3.36,GL,2019-12-31 06:38:11
155,Wyndham,51.61,-3.54,44.01,100,90,10.29,GB,2019-12-31 06:38:11
156,Carnarvon,-30.97,22.13,70.43,55,0,12.26,ZA,2019-12-31 06:38:11
157,Rajka,48.0,17.2,30.99,86,49,6.93,HU,2019-12-31 06:34:52
158,Kungurtug,50.6,97.53,6.91,70,100,2.26,RU,2019-12-31 06:38:12
159,Apastovo,55.2,48.51,24.8,92,75,13.42,RU,2019-12-31 06:38:12
160,Hobyo,5.35,48.53,82.89,68,10,19.01,SO,2019-12-31 06:38:12
161,Mbouda,5.63,10.25,61.09,53,18,1.19,CM,2019-12-31 06:38:12
162,Kamenka,48.03,28.7,30.99,84,94,6.46,MD,2019-12-31 06:38:13
163,Muisne,0.61,-80.02,75.45,89,90,7.47,EC,2019-12-31 06:38:13
164,Tateyama,36.66,137.31,41.0,93,75,2.24,JP,2019-12-31 06:38:14
165,Klyuchi,52.25,79.17,7.3,87,96,12.01,RU,2019-12-31 06:38:14
166,Iralaya,15.0,-83.23,80.13,82,19,11.92,HN,2019-12-31 06:37:11
167,Faya,18.39,42.45,62.6,51,0,12.75,SA,2019-12-31 06:38:14
168,Atasu,48.68,71.64,15.22,93,100,15.48,KZ,2019-12-31 06:38:15
169,Manggar,-2.88,108.27,83.52,77,100,16.17,ID,2019-12-31 06:38:15
170,Hegang,47.34,130.28,-1.75,68,4,9.15,CN,2019-12-31 06:38:15
171,Salamanca,20.57,-101.19,53.6,66,20,6.93,MX,2019-12-31 06:35:53
172,Kamiiso,41.82,140.65,23.0,85,75,23.04,JP,2019-12-31 06:38:16
173,Okakarara,-20.59,17.46,71.2,57,100,3.51,NA,2019-12-31 06:38:16
174,Elban,50.1,136.51,-15.92,92,100,11.23,RU,2019-12-31 06:38:16
175,Karpogory,64.0,44.44,25.88,92,100,9.75,RU,2019-12-31 06:38:17
176,Almaznyy,48.03,40.04,30.2,86,20,11.18,RU,2019-12-31 06:38:17
177,Verkh-Usugli,52.7,115.17,-2.29,64,0,1.99,RU,2019-12-31 06:38:17
178,Madison,43.07,-89.38,25.0,79,90,9.17,US,2019-12-31 06:37:00
179,Xinqing,48.28,129.53,-8.16,76,32,9.89,CN,2019-12-31 06:38:18
180,Tuatapere,-46.13,167.69,72.0,65,33,5.99,NZ,2019-12-31 06:38:18
181,Nuuk,64.17,-51.74,21.2,92,100,4.7,GL,2019-12-31 06:37:53
182,Axim,4.87,-2.24,75.96,90,1,0.58,GH,2019-12-31 06:38:18
183,Cabedelo,-6.97,-34.84,77.0,88,40,4.7,BR,2019-12-31 06:38:19
184,Gazanjyk,39.24,55.52,41.97,85,22,6.26,TM,2019-12-31 06:38:19
185,Banda Aceh,5.56,95.32,85.15,65,72,8.9,ID,2019-12-31 06:38:19
186,Karratha,-20.74,116.85,85.15,81,11,15.59,AU,2019-12-31 06:38:04
187,Chernyshevskiy,63.01,112.47,-10.39,94,100,10.02,RU,2019-12-31 06:38:20
188,Ilulissat,69.22,-51.1,19.4,85,100,21.92,GL,2019-12-31 06:38:20
189,Comodoro Rivadavia,-45.87,-67.48,55.4,87,0,9.75,AR,2019-12-31 06:37:21
190,Bad Krozingen,47.91,7.7,32.0,92,52,2.24,DE,2019-12-31 06:38:20
191,Winburg,-28.52,27.01,72.93,53,87,11.61,ZA,2019-12-31 06:38:21
192,Makakilo City,21.35,-158.09,77.0,69,1,5.82,US,2019-12-31 06:34:37
193,Tynda,55.15,124.74,-22.25,93,0,3.51,RU,2019-12-31 06:38:21
194,Touros,-5.2,-35.46,80.6,74,40,4.7,BR,2019-12-31 06:38:22
195,Bay Roberts,47.58,-53.28,34.0,86,90,20.8,CA,2019-12-31 06:38:22
196,Faanui,-16.48,-151.75,81.25,78,100,15.68,PF,2019-12-31 06:38:22
197,Guerrero Negro,27.97,-114.04,55.6,70,10,0.76,MX,2019-12-31 06:36:06
198,Manama,25.33,56.02,75.2,56,0,3.36,AE,2019-12-31 06:38:23
199,Anadyr,64.73,177.51,-31.0,73,20,8.95,RU,2019-12-31 06:38:23
200,Hithadhoo,-0.6,73.08,82.04,72,7,2.57,MV,2019-12-31 06:35:54
201,Herat,34.35,62.22,35.6,100,75,2.24,AF,2019-12-31 06:38:23
202,Chornobayivka,46.69,32.55,33.01,92,90,6.71,UA,2019-12-31 06:38:24
203,Nova Olimpia,-14.8,-57.29,74.25,81,100,2.35,BR,2019-12-31 06:38:24
204,Sarai Sidhu,30.59,71.97,44.6,75,75,4.7,PK,2019-12-31 06:38:25
205,Kargil,34.56,76.13,1.54,66,100,2.98,PK,2019-12-31 06:38:25
206,Tornio,61.12,27.27,36.0,93,90,10.29,FI,2019-12-31 06:38:25
207,Victor Harbor,-35.55,138.62,75.0,35,29,20.8,AU,2019-12-31 06:38:25
208,Itapuranga,-15.56,-49.95,67.87,89,65,2.46,BR,2019-12-31 06:38:26
209,Zhangye,38.94,100.46,32.86,24,0,3.04,CN,2019-12-31 06:38:26
210,Iqaluit,63.75,-68.52,-16.01,68,5,16.11,CA,2019-12-31 06:38:26
211,Lata,30.78,78.62,18.93,48,74,9.26,IN,2019-12-31 06:38:27
212,Russell,38.9,-98.86,28.4,63,1,13.87,US,2019-12-31 06:38:27
213,Tomatlan,19.93,-105.25,63.59,94,18,1.28,MX,2019-12-31 06:38:27
214,Lasa,34.92,32.53,53.6,76,40,6.93,CY,2019-12-31 06:38:27
215,Barinas,8.64,-70.23,75.13,78,100,5.7,VE,2019-12-31 06:38:28
216,Sao Filipe,14.9,-24.5,73.56,56,100,13.15,CV,2019-12-31 06:38:28
217,Haysyn,48.81,29.39,31.69,76,84,15.59,UA,2019-12-31 06:38:28
218,Fort Nelson,58.81,-122.69,3.2,84,75,3.36,CA,2019-12-31 06:38:28
219,Melendugno,40.27,18.34,51.8,57,40,13.87,IT,2019-12-31 06:37:00
220,San Vicente,-0.59,-80.41,77.0,88,75,2.24,EC,2019-12-31 06:38:29
221,Nouadhibou,20.93,-17.03,64.4,31,48,19.46,MR,2019-12-31 06:38:29
222,Ostrovnoy,68.05,39.51,25.18,75,97,17.92,RU,2019-12-31 06:38:30
223,Ancud,-41.87,-73.83,48.2,87,2,2.24,CL,2019-12-31 06:38:30
224,Leningradskiy,69.38,178.42,-16.76,92,100,21.94,RU,2019-12-31 06:38:30
225,Los Llanos De Aridane,28.66,-17.92,68.0,27,67,6.93,ES,2019-12-31 06:36:31
226,Chokurdakh,70.62,147.9,-27.54,80,45,3.4,RU,2019-12-31 06:38:31
227,Ahipara,-35.17,173.16,73.0,78,0,1.99,NZ,2019-12-31 06:38:31
228,Charters Towers,-20.07,146.27,97.47,15,0,10.29,AU,2019-12-31 06:38:31
229,Muroto,33.37,134.14,48.2,45,40,21.92,JP,2019-12-31 06:38:32
230,Requena,39.49,-1.1,43.0,93,20,3.36,ES,2019-12-31 06:38:32
231,Barwani,22.03,74.9,73.96,35,24,7.92,IN,2019-12-31 06:38:32
232,Port Hedland,-20.31,118.58,95.0,59,50,16.11,AU,2019-12-31 06:38:32
233,Abaza,52.65,90.1,23.27,94,100,1.83,RU,2019-12-31 06:38:33
234,Tete,-16.16,33.59,82.4,78,75,5.82,MZ,2019-12-31 06:38:33
235,Umtata,-31.59,28.78,62.6,77,90,4.7,ZA,2019-12-31 06:38:33
236,Sistranda,63.73,8.83,39.99,76,75,32.21,NO,2019-12-31 06:38:34
237,Iskateley,67.68,53.15,19.78,91,100,7.9,RU,2019-12-31 06:38:34
238,Geraldton,49.72,-86.95,12.2,78,90,11.41,CA,2019-12-31 06:38:34
239,Mugur-Aksy,50.38,90.44,9.48,79,98,5.7,RU,2019-12-31 06:38:34
240,Eltham,51.45,0.05,45.0,100,75,2.24,GB,2019-12-31 06:38:35
241,Kieta,-6.22,155.63,84.06,68,99,4.43,PG,2019-12-31 06:38:35
242,Rio Gallegos,-51.62,-69.22,50.0,66,100,8.05,AR,2019-12-31 06:38:35
243,Kalabo,-15.0,22.67,73.04,79,91,7.25,ZM,2019-12-31 06:38:35
244,Ceska Skalice,50.39,16.04,42.01,92,11,2.24,CZ,2019-12-31 06:38:36
245,Narsaq,60.91,-46.05,10.4,55,0,3.36,GL,2019-12-31 06:38:36
246,Micheweni,-4.97,39.83,83.73,77,36,18.12,TZ,2019-12-31 06:38:36
247,Cayenne,4.94,-52.33,75.2,83,75,6.11,GF,2019-12-31 06:38:37
248,Cape Town,-33.93,18.42,70.0,60,20,17.22,ZA,2019-12-31 06:37:03
249,Arraial Do Cabo,-22.97,-42.02,75.07,88,0,14.61,BR,2019-12-31 06:38:37
250,Pisco,-13.71,-76.2,70.0,88,40,3.36,PE,2019-12-31 06:38:37
251,Shankargarh,25.19,81.61,64.27,38,0,7.45,IN,2019-12-31 06:38:38
252,Port Lincoln,-34.72,135.86,67.03,51,0,15.64,AU,2019-12-31 06:38:38
253,Inza,53.86,46.36,28.24,94,100,16.51,RU,2019-12-31 06:38:38
254,Yar-Sale,66.83,70.83,12.31,88,100,27.54,RU,2019-12-31 06:38:39
255,Auerbach,48.06,13.11,37.0,80,20,10.29,AT,2019-12-31 06:38:39
256,Soyo,-6.13,12.37,78.8,94,20,2.77,AO,2019-12-31 06:37:21
257,Taltal,-25.41,-70.49,55.83,94,37,2.66,CL,2019-12-31 06:38:40
258,Santa Fe,-31.62,-60.7,78.01,88,46,7.0,AR,2019-12-31 06:38:40
259,Nanortalik,60.14,-45.24,24.53,47,0,8.75,GL,2019-12-31 06:38:40
260,Mitu,36.2,46.09,32.54,99,99,3.62,IR,2019-12-31 06:38:40
261,Bartica,6.41,-58.62,75.2,94,40,4.7,GY,2019-12-31 06:38:41
262,Quiruvilca,-7.37,-78.8,64.06,85,54,2.42,PE,2019-12-31 06:38:41
263,Avarua,-21.21,-159.78,75.2,78,100,1.12,CK,2019-12-31 06:38:13
264,Tenabo,20.04,-90.23,70.3,96,7,4.07,MX,2019-12-31 06:38:41
265,Yerofey Pavlovich,53.97,121.97,-7.96,85,0,4.79,RU,2019-12-31 06:38:42
266,Acapulco,16.86,-99.88,77.0,88,5,2.24,MX,2019-12-31 06:38:42
267,Ranong,9.96,98.62,89.6,55,40,6.93,TH,2019-12-31 06:38:42
268,Port Elizabeth,39.31,-74.98,45.0,93,90,8.05,US,2019-12-31 06:38:42
269,Umm Lajj,25.02,37.27,63.43,35,0,5.75,SA,2019-12-31 06:38:43
270,Kenai,60.55,-151.26,33.8,86,90,9.17,US,2019-12-31 06:38:43
271,Oulu,65.01,25.47,26.6,68,54,8.05,FI,2019-12-31 06:38:43
272,Provideniya,64.42,-173.23,-24.43,86,0,7.45,RU,2019-12-31 06:38:44
273,Gigmoto,13.78,124.39,82.2,78,90,15.28,PH,2019-12-31 06:38:44
274,Ambilobe,-13.19,49.05,82.94,76,62,5.84,MG,2019-12-31 06:38:44
275,High Level,58.52,-117.13,-2.2,84,5,2.24,CA,2019-12-31 06:38:45
276,Karaton,-6.34,106.1,93.99,74,75,13.87,ID,2019-12-31 06:38:45
277,Mingshui,22.81,109.89,70.47,45,42,14.27,CN,2019-12-31 06:38:46
278,Puerto Escondido,15.86,-97.07,69.67,87,1,2.73,MX,2019-12-31 06:38:46
279,Grandview,38.89,-94.53,33.01,65,51,11.41,US,2019-12-31 06:38:46
280,Fukue,35.03,136.69,48.2,61,40,31.09,JP,2019-12-31 06:38:47
281,Verkhniye Kigi,55.41,58.6,18.75,87,100,16.37,RU,2019-12-31 06:38:47
282,Cherskiy,68.75,161.3,-34.87,96,0,5.17,RU,2019-12-31 06:38:47
283,Kota Kinabalu,5.98,116.07,87.8,74,75,13.87,MY,2019-12-31 06:38:47
284,Gat,14.69,-16.54,75.2,52,82,10.94,SN,2019-12-31 06:38:48
285,Caravelas,-17.73,-39.27,70.57,93,0,3.29,BR,2019-12-31 06:38:49
286,Winsum,53.33,6.52,41.0,100,67,3.36,NL,2019-12-31 06:38:49
287,Ugoofaaru,5.67,73.0,81.14,78,100,13.42,MV,2019-12-31 06:38:49
288,Urrao,6.32,-76.13,55.99,97,100,0.74,CO,2019-12-31 06:38:50
289,Paamiut,61.99,-49.67,21.24,43,24,4.12,GL,2019-12-31 06:38:50
290,Hambantota,6.12,81.12,89.6,70,75,9.17,LK,2019-12-31 06:38:50
291,Entre Rios,-11.94,-38.08,71.53,97,26,3.51,BR,2019-12-31 06:38:50
292,Sundargarh,22.12,84.04,69.8,46,0,2.24,IN,2019-12-31 06:38:51
293,Chauk,20.89,94.82,76.15,44,0,11.25,MM,2019-12-31 06:38:51
294,Luderitz,-26.65,15.16,66.2,72,100,10.29,NA,2019-12-31 06:38:51
295,Quatre Cocos,-20.21,57.76,82.4,78,75,13.87,MU,2019-12-31 06:38:51
296,Yulara,-25.24,130.99,100.4,22,0,6.93,AU,2019-12-31 06:38:52
297,Xining,36.62,101.77,31.84,19,0,5.03,CN,2019-12-31 06:38:52
298,Kitimat,54.02,-128.69,36.0,100,90,3.36,CA,2019-12-31 06:38:52
299,Galesong,-5.32,119.37,87.8,58,20,8.05,ID,2019-12-31 06:38:52
300,Rochegda,62.67,43.41,32.09,97,100,10.16,RU,2019-12-31 06:38:52
301,Balclutha,-46.24,169.74,66.0,73,49,8.01,NZ,2019-12-31 06:38:53
302,Giddarbaha,30.21,74.66,56.07,31,0,6.29,IN,2019-12-31 06:38:53
303,Santa Ana,30.54,-111.12,39.99,93,96,1.12,MX,2019-12-31 06:38:53
304,Zhumadian,33.01,114.02,38.03,16,0,7.05,CN,2019-12-31 06:38:54
305,Watertown,44.9,-97.12,23.0,92,90,18.34,US,2019-12-31 06:38:14
306,Pangnirtung,66.15,-65.72,-21.17,98,100,3.74,CA,2019-12-31 06:38:54
307,Talas,42.52,72.24,29.59,84,100,4.05,KG,2019-12-31 06:38:54
308,Rio Grande,-32.03,-52.1,75.99,87,52,1.01,BR,2019-12-31 06:35:36
309,Haysville,37.56,-97.35,33.01,60,1,11.41,US,2019-12-31 06:38:55
310,Sorso,40.8,8.58,39.99,93,0,6.93,IT,2019-12-31 06:38:55
311,Chumphon,10.5,99.18,87.8,66,20,10.29,TH,2019-12-31 06:38:55
312,Cidreira,-30.17,-50.22,74.84,91,31,15.61,BR,2019-12-31 06:38:56
313,Ustka,54.58,16.86,42.71,76,95,23.24,PL,2019-12-31 06:38:56
314,Gaoua,10.33,-3.18,62.42,17,0,5.99,BF,2019-12-31 06:38:56
315,Jumla,29.28,82.18,43.39,16,82,4.07,NP,2019-12-31 06:38:57
316,Kloulklubed,7.04,134.26,80.6,83,75,6.93,PW,2019-12-31 06:38:57
317,Bayan,36.1,102.26,31.48,17,0,5.93,CN,2019-12-31 06:38:57
318,Waddan,29.16,16.14,42.71,68,100,1.28,LY,2019-12-31 06:38:57
319,Zhigansk,66.77,123.37,-21.15,94,100,14.27,RU,2019-12-31 06:38:58
320,Vyartsilya,62.18,30.69,34.12,97,100,5.99,RU,2019-12-31 06:38:58
321,Port Moresby,-9.47,147.16,91.4,59,40,11.41,PG,2019-12-31 06:38:58
322,Awjilah,29.14,21.3,44.11,79,0,4.16,LY,2019-12-31 06:38:59
323,Nautla,20.22,-96.78,61.7,88,76,1.77,MX,2019-12-31 06:38:59
324,Shalya,57.25,58.73,13.48,92,100,14.7,RU,2019-12-31 06:38:59
325,Buzmeyin,38.05,58.21,37.4,93,20,4.7,TM,2019-12-31 06:38:59
326,Port Perry,44.1,-78.95,37.99,74,90,12.75,CA,2019-12-31 06:39:00
327,Mandalgovi,45.76,106.27,9.48,60,12,4.97,MN,2019-12-31 06:39:00
328,Miyako,33.63,130.94,43.0,52,75,17.22,JP,2019-12-31 06:39:00
329,Rodino,52.5,80.2,7.75,91,94,14.65,RU,2019-12-31 06:39:00
330,Jeremie,18.65,-74.12,68.11,90,43,3.44,HT,2019-12-31 06:39:01
331,Vardo,39.62,-77.74,43.0,87,90,4.7,US,2019-12-31 06:36:20
332,Chuy,-33.69,-53.46,70.43,96,99,3.76,UY,2019-12-31 06:39:02
333,Belaya Gora,68.54,146.19,-31.43,86,0,1.68,RU,2019-12-31 06:39:02
334,Sioux Lookout,50.1,-91.92,12.2,85,5,8.05,CA,2019-12-31 06:35:34
335,Arica,-18.48,-70.32,68.0,68,66,1.12,CL,2019-12-31 06:39:03
336,Marawi,8.0,124.29,84.99,78,88,8.01,PH,2019-12-31 06:39:03
337,Tasiilaq,65.61,-37.64,26.6,86,100,1.12,GL,2019-12-31 06:39:03
338,Saint-Gaudens,43.11,0.72,42.01,80,0,6.93,FR,2019-12-31 06:39:03
339,Necochea,-38.55,-58.74,70.0,1,100,5.41,AR,2019-12-31 06:37:22
340,Union,34.72,-81.62,48.2,65,1,3.36,US,2019-12-31 06:39:04
341,Sambava,-14.27,50.17,79.21,81,84,0.94,MG,2019-12-31 06:39:05
342,Hirata,37.21,140.56,52.0,59,20,26.4,JP,2019-12-31 06:39:05
343,Charlottetown,46.23,-63.13,27.0,73,90,14.99,CA,2019-12-31 06:39:06
344,Grand-Santi,4.27,-54.38,68.4,99,100,0.87,GF,2019-12-31 06:37:19
345,Madang,35.32,102.79,31.19,41,0,3.06,CN,2019-12-31 06:39:06
346,Sinnamary,5.38,-52.96,79.16,74,83,16.26,GF,2019-12-31 06:39:06
347,Utete,-7.99,38.76,82.04,84,64,6.93,TZ,2019-12-31 06:39:07
348,Sirjan,29.44,55.67,49.41,44,0,2.55,IR,2019-12-31 06:39:07
349,La Palma,5.36,-74.39,68.74,97,100,2.1,CO,2019-12-31 06:39:07
350,Myitkyina,25.38,97.4,72.05,26,32,4.0,MM,2019-12-31 06:39:08
351,Avera,33.19,-82.53,51.8,65,1,5.82,US,2019-12-31 06:39:08
352,Kampene,-3.59,26.67,71.08,94,100,1.88,CD,2019-12-31 06:39:08
353,Americana,-22.74,-47.33,70.0,82,79,8.05,BR,2019-12-31 06:34:47
354,Biltine,14.53,20.93,66.9,17,100,11.56,TD,2019-12-31 06:39:09
355,Souillac,45.6,-0.6,37.99,94,4,3.36,FR,2019-12-31 06:35:57
356,Upernavik,72.79,-56.15,-9.76,97,100,19.24,GL,2019-12-31 06:39:09
357,Cervo,-22.19,-46.24,59.77,95,24,4.0,BR,2019-12-31 06:39:09
358,Spassk-Ryazanskiy,54.41,40.38,32.41,89,100,16.55,RU,2019-12-31 06:39:10
359,Vienna,48.21,16.37,41.0,86,49,6.93,AT,2019-12-31 06:34:32
360,Araouane,18.9,-3.53,52.54,38,4,12.1,ML,2019-12-31 06:39:12
361,Inirida,3.87,-67.92,73.71,89,52,0.98,CO,2019-12-31 06:39:13
362,Lorengau,-2.02,147.27,84.87,70,48,6.96,PG,2019-12-31 06:36:29
363,Gavle,60.67,17.14,41.0,53,67,14.0,SE,2019-12-31 06:39:14
364,Uinskoye,56.88,56.58,14.29,92,100,17.11,RU,2019-12-31 06:39:14
365,Teguise,29.06,-13.56,59.0,87,75,6.93,ES,2019-12-31 06:39:17
366,Talnakh,69.49,88.39,5.0,84,75,33.55,RU,2019-12-31 06:39:18
367,Namatanai,-3.66,152.44,83.91,72,75,3.36,PG,2019-12-31 06:39:18
368,Kapuskasing,49.42,-82.43,30.2,92,90,12.75,CA,2019-12-31 06:39:18
369,Lac Du Bonnet,50.25,-96.06,3.99,93,97,5.99,CA,2019-12-31 06:39:18
370,Manati,41.76,19.67,23.0,92,0,4.7,AL,2019-12-31 06:39:19
371,Vestmannaeyjar,63.44,-20.27,45.88,91,100,32.03,IS,2019-12-31 06:39:19
372,Vanavara,60.35,102.28,-7.29,97,99,5.82,RU,2019-12-31 06:39:19
373,Refojos De Basto,41.51,-7.99,43.0,100,40,2.24,PT,2019-12-31 06:39:19
374,Xiazhen,23.89,120.95,72.0,64,40,17.22,TW,2019-12-31 06:39:20
375,Fairmont,40.64,-97.59,28.4,68,1,14.99,US,2019-12-31 06:39:20
376,Honningsvag,70.98,25.97,30.2,75,100,17.92,NO,2019-12-31 06:39:20
377,Iquique,-20.22,-70.14,68.0,68,0,4.7,CL,2019-12-31 06:39:20
378,San Andres,13.32,122.68,84.52,62,1,13.0,PH,2019-12-31 06:39:21
379,Macenta,8.55,-9.47,64.96,31,0,2.37,GN,2019-12-31 06:39:21
380,Surt,31.21,16.59,48.16,70,100,6.58,LY,2019-12-31 06:39:21
381,San Carlos De Bariloche,-41.13,-71.31,46.4,75,0,5.82,AR,2019-12-31 06:39:21
382,Montepuez,-13.13,39.0,76.51,85,99,11.34,MZ,2019-12-31 06:39:22
383,Miles City,46.41,-105.84,21.99,85,1,6.93,US,2019-12-31 06:37:41
384,Poronaysk,49.22,143.1,8.37,77,100,9.71,RU,2019-12-31 06:39:22
385,Rambha,19.52,85.09,74.91,44,0,6.24,IN,2019-12-31 06:39:23
386,Orangeburg,33.49,-80.86,51.8,75,1,4.7,US,2019-12-31 06:39:23
387,Verkhoyansk,67.55,133.39,-30.57,77,30,1.77,RU,2019-12-31 06:39:23
388,Okha,53.59,142.95,-1.07,92,100,18.77,RU,2019-12-31 06:39:23
389,Baoqing,46.32,132.2,-3.15,75,1,15.95,CN,2019-12-31 06:39:23
390,Kang,-23.67,22.79,76.06,70,91,8.23,BW,2019-12-31 06:39:24
391,Half Moon Bay,37.46,-122.43,50.0,87,1,6.78,US,2019-12-31 06:39:24
392,Midland,32.0,-102.08,35.6,55,1,3.36,US,2019-12-31 06:35:38
393,Moerai,-22.43,-151.33,74.48,90,100,23.0,PF,2019-12-31 06:39:25
394,Tarakan,3.3,117.63,85.59,66,100,10.83,ID,2019-12-31 06:39:25
395,Teahupoo,-17.83,-149.27,80.6,78,75,11.41,PF,2019-12-31 06:39:25
396,Palora,-1.7,-77.97,63.64,97,88,3.0,EC,2019-12-31 06:39:25
397,Manbij,36.53,37.96,41.0,93,75,1.12,SY,2019-12-31 06:39:26
398,Fairbanks,64.84,-147.72,-2.0,83,1,3.62,US,2019-12-31 06:39:26
399,Traralgon,-38.19,146.54,71.01,40,19,7.0,AU,2019-12-31 06:39:26
400,Portland,43.66,-70.25,36.0,86,90,8.05,US,2019-12-31 06:39:26
401,Poum,41.28,20.71,24.8,58,0,4.7,MK,2019-12-31 06:37:03
402,Puerto Madryn,-42.77,-65.04,63.21,90,39,5.23,AR,2019-12-31 06:39:13
403,Mount Gambier,-37.83,140.78,69.8,43,75,18.34,AU,2019-12-31 06:36:52
404,Port Augusta,-32.49,137.76,82.0,19,0,11.99,AU,2019-12-31 06:39:27
405,Nizwa,22.93,57.53,61.0,68,20,3.96,OM,2019-12-31 06:39:28
406,Beloha,-25.17,45.06,89.69,49,0,7.25,MG,2019-12-31 06:39:28
407,Bubaque,11.28,-15.83,79.07,43,21,17.31,GW,2019-12-31 06:39:28
408,Camopi,3.17,-52.33,68.56,99,66,2.51,GF,2019-12-31 06:39:28
409,La Joya,26.25,-98.48,60.8,66,90,3.36,US,2019-12-31 06:39:29
410,Halifax,44.65,-63.58,30.99,85,75,10.29,CA,2019-12-31 06:35:22
411,Inuvik,68.36,-133.71,-13.0,75,75,2.24,CA,2019-12-31 06:39:29
412,Ziyang,30.12,104.65,55.15,50,0,5.7,CN,2019-12-31 06:39:29
413,Boyuibe,-20.43,-63.28,66.31,93,100,3.22,BO,2019-12-31 06:39:30
414,College,64.86,-147.8,1.4,83,1,3.22,US,2019-12-31 06:39:30
415,Labuhan,-2.54,115.51,90.05,60,100,0.4,ID,2019-12-31 06:39:30
416,Panzhihua,26.59,101.72,55.0,51,17,2.1,CN,2019-12-31 06:39:30
417,Omsukchan,62.53,155.8,-24.9,34,40,0.87,RU,2019-12-31 06:39:31
418,Traverse City,44.76,-85.62,34.0,80,90,13.87,US,2019-12-31 06:35:28
419,Wanning,48.64,13.53,35.01,60,50,8.05,AT,2019-12-31 06:39:31
420,Santiago Del Estero,-27.8,-64.26,79.18,72,74,1.97,AR,2019-12-31 06:39:31
421,Batangafo,7.3,18.29,69.3,28,45,3.18,CF,2019-12-31 06:39:32
422,Puri,-7.54,112.45,84.42,75,71,3.15,ID,2019-12-31 06:39:32
423,Thunder Bay,48.41,-89.26,19.99,85,90,4.7,CA,2019-12-31 06:39:32
424,Novo Aripuana,-5.12,-60.38,71.71,99,96,0.34,BR,2019-12-31 06:39:32
425,Mayo,63.59,-135.9,8.6,84,90,4.07,CA,2019-12-31 06:39:33
426,Cururupu,-1.82,-44.87,74.44,97,100,2.28,BR,2019-12-31 06:39:33
427,Hirara,24.8,125.28,66.2,77,75,20.8,JP,2019-12-31 06:39:33
428,Korgen,66.08,13.83,37.4,86,75,2.24,NO,2019-12-31 06:39:34
429,Bridgetown,-33.96,116.14,84.99,26,0,7.0,AU,2019-12-31 06:39:34
430,Tessalit,20.2,1.01,51.57,25,15,8.08,ML,2019-12-31 06:34:53
431,Carnduff,49.17,-101.8,3.0,89,0,8.77,CA,2019-12-31 06:39:35
432,Vao,59.1,26.19,36.14,85,12,10.94,EE,2019-12-31 06:39:35
433,Chittaurgarh,24.88,74.62,63.7,28,0,7.31,IN,2019-12-31 06:39:35
434,Payo,-3.75,103.64,83.26,60,91,4.36,ID,2019-12-31 06:39:35
435,Burley,42.54,-113.79,26.6,85,90,3.36,US,2019-12-31 06:39:36
436,Andros Town,24.73,-77.79,75.2,88,75,8.05,BS,2019-12-31 06:39:36
437,Tura,64.27,100.22,-12.19,89,100,8.23,RU,2019-12-31 06:39:36
438,Morondava,-20.3,44.28,91.09,53,37,3.83,MG,2019-12-31 06:39:36
439,Vallenar,-28.58,-70.76,57.02,87,0,1.57,CL,2019-12-31 06:39:37
440,Srednekolymsk,67.46,153.71,-31.32,99,0,2.62,RU,2019-12-31 06:36:12
441,Aljezur,37.31,-8.8,53.01,76,0,10.29,PT,2019-12-31 06:39:37
442,Niamey,13.52,2.11,62.6,25,0,5.82,NE,2019-12-31 06:39:38
443,Bontang,0.12,117.47,84.81,71,100,12.01,ID,2019-12-31 06:39:38
444,Vostok,46.45,135.83,-15.63,92,100,8.48,RU,2019-12-31 06:39:38
445,Nkhotakota,-12.93,34.3,77.11,78,100,7.0,MW,2019-12-31 06:39:38
446,Hualmay,-11.1,-77.61,65.37,92,82,2.89,PE,2019-12-31 06:39:39
447,Ciudad Guayana,8.32,-62.69,70.5,96,86,4.7,VE,2019-12-31 06:39:39
448,Salalah,17.01,54.1,82.4,65,20,3.85,OM,2019-12-31 06:36:28
449,Makat,47.65,53.35,26.29,80,0,11.34,KZ,2019-12-31 06:39:40
450,Arauca,7.08,-70.76,72.36,90,99,3.47,VE,2019-12-31 06:39:40
451,Yarmouth,43.84,-66.12,33.8,80,90,12.75,CA,2019-12-31 06:39:41
452,Kavaratti,10.57,72.64,87.8,66,40,4.38,IN,2019-12-31 06:39:41
453,Henties Bay,-22.12,14.28,61.0,93,100,5.99,NA,2019-12-31 06:39:41
454,Vientiane,17.96,102.61,87.8,48,20,9.17,LA,2019-12-31 06:39:41
455,Kathmandu,27.71,85.32,59.0,44,75,2.24,NP,2019-12-31 06:38:48
456,Karasjok,69.47,25.52,26.6,58,81,29.97,NO,2019-12-31 06:39:42
457,Arlit,18.74,7.39,53.65,33,0,7.87,NE,2019-12-31 06:39:42
458,Alofi,-19.06,-169.92,81.21,87,100,14.72,NU,2019-12-31 06:39:43
459,Cockburn Town,21.46,-71.14,77.5,80,0,14.45,TC,2019-12-31 06:39:43
460,Inhambane,-23.87,35.38,86.0,70,75,4.7,MZ,2019-12-31 06:39:43
461,Paracuru,-3.41,-39.03,81.0,78,40,2.24,BR,2019-12-31 06:39:44
462,Cap Malheureux,-19.98,57.61,82.4,78,75,13.87,MU,2019-12-31 06:39:44
463,Andilamena,-17.01,48.57,77.07,74,100,2.8,MG,2019-12-31 06:39:44
464,Laguna,16.17,-88.94,71.6,100,96,1.63,BZ,2019-12-31 06:39:45
465,Dunedin,-45.87,170.5,61.05,82,56,24.83,NZ,2019-12-31 06:39:45
466,Joaima,-16.65,-41.03,63.05,98,0,0.67,BR,2019-12-31 06:39:45
467,Flinders,-34.58,150.85,99.0,72,90,17.22,AU,2019-12-31 06:39:46
468,Calabozo,8.92,-67.43,74.86,71,79,6.4,VE,2019-12-31 06:39:46
469,Pacific Grove,36.62,-121.92,48.0,100,1,11.43,US,2019-12-31 06:39:46
470,Gojra,31.15,72.69,58.21,24,0,4.76,PK,2019-12-31 06:39:47
471,Bitkine,11.98,18.21,66.65,21,79,6.29,TD,2019-12-31 06:39:47
472,Beringovskiy,63.05,179.32,-16.64,95,0,13.69,RU,2019-12-31 06:39:47
473,Banyo,6.75,11.81,61.88,38,80,2.89,CM,2019-12-31 06:39:47
474,Deputatskiy,69.3,139.9,-22.83,64,57,1.45,RU,2019-12-31 06:39:48
475,Tashtagol,52.76,87.85,22.24,91,100,2.66,RU,2019-12-31 06:39:48
476,Garowe,8.41,48.48,78.44,61,15,12.5,SO,2019-12-31 06:39:48
477,Samarai,-10.62,150.67,84.31,67,82,6.55,PG,2019-12-31 06:39:48
478,Saint-Augustin,45.63,-73.98,30.99,92,90,9.17,CA,2019-12-31 06:39:49
479,Krasnoturansk,54.32,91.57,10.4,72,40,4.54,RU,2019-12-31 06:39:49
480,San Joaquin,10.59,122.14,86.63,56,19,15.3,PH,2019-12-31 06:39:49
481,Fayaoue,-20.65,166.53,77.54,81,33,16.28,NC,2019-12-31 06:39:49
482,Sikasso,11.32,-5.68,58.69,19,0,3.22,ML,2019-12-31 06:39:50
483,Kaeo,-35.1,173.78,73.0,76,25,5.01,NZ,2019-12-31 06:39:50
484,Shancheng,26.9,117.17,44.96,95,100,3.65,CN,2019-12-31 06:39:50
485,San Marcos,14.97,-91.79,71.6,94,5,4.7,GT,2019-12-31 06:39:50
486,Sorsk,54.0,90.25,16.7,93,100,5.14,RU,2019-12-31 06:39:51
487,Marshall,39.12,-93.2,34.0,76,90,12.75,US,2019-12-31 06:39:51
488,Nantucket,41.28,-70.1,44.6,93,90,21.92,US,2019-12-31 06:39:51
489,Pangkalanbuun,-2.68,111.62,83.17,86,100,1.05,ID,2019-12-31 06:39:22
490,Xuchang,34.03,113.82,32.0,11,0,4.47,CN,2019-12-31 06:39:52
491,Yumen,40.29,97.04,20.37,48,5,15.5,CN,2019-12-31 06:39:52
492,Dobrinka,52.17,40.48,30.06,91,100,19.48,RU,2019-12-31 06:39:52
493,Indian Head,50.53,-103.67,17.01,88,6,4.21,CA,2019-12-31 06:39:53
494,Malanje,-9.54,16.35,66.52,93,95,1.79,AO,2019-12-31 06:39:53
495,Kodinsk,58.6,99.18,-5.35,91,8,1.95,RU,2019-12-31 06:39:53
496,Ukiah,39.15,-123.21,48.0,93,20,4.7,US,2019-12-31 06:39:54
497,Maniitsoq,65.42,-52.9,20.57,92,100,3.91,GL,2019-12-31 06:39:54
498,Harper,30.3,-99.24,41.0,54,1,2.15,US,2019-12-31 06:39:54
499,Mwingi,-0.93,38.07,72.19,74,13,5.28,KE,2019-12-31 06:39:54
500,Bintulu,3.17,113.03,78.8,94,90,6.85,MY,2019-12-31 06:38:05
501,Boa Vista,2.82,-60.67,80.6,69,87,11.41,BR,2019-12-31 06:39:55
502,Oum Hadjer,13.3,19.7,65.97,19,89,5.3,TD,2019-12-31 06:39:55
503,Nadym,65.53,72.51,7.47,64,100,31.63,RU,2019-12-31 06:39:55
504,Valparaiso,41.47,-87.06,32.0,100,90,14.99,US,2019-12-31 06:35:06
505,Port Hardy,50.7,-127.42,44.6,93,90,19.46,CA,2019-12-31 06:39:56
506,Nalut,31.86,10.98,40.28,83,88,9.73,LY,2019-12-31 06:39:56
507,Statesboro,32.45,-81.78,51.8,76,1,5.82,US,2019-12-31 06:39:57
508,Aykhal,65.95,111.51,-34.6,65,16,4.47,RU,2019-12-31 06:39:57
509,Riyadh,24.63,46.72,60.8,48,2,5.99,SA,2019-12-31 06:39:57
510,Burgos,42.34,-3.7,24.8,92,0,4.7,ES,2019-12-31 06:39:57
511,Ambon,47.55,-2.56,46.99,100,90,3.36,FR,2019-12-31 06:35:57
512,Biak,-0.91,122.88,84.85,77,32,14.52,ID,2019-12-31 06:39:58
513,Shimoda,34.7,138.93,63.0,42,20,21.92,JP,2019-12-31 06:39:58
514,Zabol,31.03,61.49,53.6,54,17,6.93,IR,2019-12-31 06:39:58
515,Priiskovyy,51.93,116.63,-13.25,85,0,1.14,RU,2019-12-31 06:39:59
516,Santa Maria,-16.02,-48.01,73.4,69,20,5.82,BR,2019-12-31 06:39:59
517,Mazagao,-0.12,-51.29,77.0,100,90,3.36,BR,2019-12-31 06:39:59
518,Alma,39.28,-106.06,12.2,77,1,4.34,US,2019-12-31 06:39:59
519,Hun,50.34,4.87,37.4,64,75,2.24,BE,2019-12-31 06:40:00
520,Fergus Falls,46.28,-96.08,16.0,92,90,21.92,US,2019-12-31 06:35:09
521,Agramonte,22.68,-81.12,68.0,100,0,3.36,CU,2019-12-31 06:40:00
522,Japura,-0.42,102.29,83.55,82,69,4.47,ID,2019-12-31 06:40:02
523,Kropotkin,45.43,40.58,30.0,84,0,2.59,RU,2019-12-31 06:40:04
524,Visnes,59.36,5.22,42.8,68,75,20.8,NO,2019-12-31 06:40:04
525,Buraydah,26.33,43.97,60.8,59,75,9.17,SA,2019-12-31 06:40:04
526,Letnyaya Stavka,45.43,43.44,32.49,91,15,7.31,RU,2019-12-31 06:40:05
527,Ust-Nera,64.57,143.24,-29.88,97,92,0.96,RU,2019-12-31 06:36:57
528,Barra Do Corda,-5.5,-45.25,70.92,98,57,3.22,BR,2019-12-31 06:40:06
529,Tabory,53.89,19.53,41.0,85,99,11.99,PL,2019-12-31 06:40:06
530,San Cristobal,14.68,-86.92,63.72,94,58,2.89,HN,2019-12-31 06:40:06
531,Bud,62.91,6.91,37.4,72,40,12.75,NO,2019-12-31 06:40:06
532,Bugembe,0.48,33.23,75.58,56,94,2.64,UG,2019-12-31 06:40:07
533,Katherine,-14.47,132.26,89.6,59,54,10.29,AU,2019-12-31 06:40:07
534,Rabo De Peixe,37.8,-25.58,62.6,93,75,16.11,PT,2019-12-31 06:40:07
535,Puerto Del Rosario,28.5,-13.86,64.4,77,75,8.05,ES,2019-12-31 06:40:08
536,Luis Gil Perez,17.87,-93.05,71.6,100,90,5.84,MX,2019-12-31 06:40:08
537,Nhulunbuy,-12.18,136.78,89.6,62,48,12.75,AU,2019-12-31 06:40:08
538,Jiazi,19.61,110.49,73.4,78,75,17.9,CN,2019-12-31 06:40:08
539,Sorland,67.67,12.69,37.4,69,75,29.97,NO,2019-12-31 06:40:09
540,Bowen,-20.01,148.25,88.0,55,0,16.11,AU,2019-12-31 06:40:09
541,Maua,0.23,37.94,77.18,68,21,4.5,KE,2019-12-31 06:40:09
542,Nelson,49.49,-117.29,19.31,96,100,1.83,CA,2019-12-31 06:40:10
543,Ayacucho,-13.16,-74.23,47.48,90,100,2.98,PE,2019-12-31 06:40:10
544,Moron,18.56,-74.26,76.46,83,6,6.64,HT,2019-12-31 06:36:58
545,Nyakahanga,-1.0,29.54,74.34,59,98,1.28,CD,2019-12-31 06:40:11
546,Mittagong,-34.45,150.45,99.0,72,90,17.22,AU,2019-12-31 06:40:03
547,Khasan,42.43,130.64,14.72,36,0,16.2,RU,2019-12-31 06:40:11
548,Manado,1.49,124.85,86.0,66,40,10.29,ID,2019-12-31 06:40:12
549,Evensk,61.92,159.24,-14.87,27,20,5.48,RU,2019-12-31 06:40:12
550,Tual,-5.67,132.75,84.42,73,94,12.12,ID,2019-12-31 06:40:12
