City_ID,City,Country,Date,Lat,Lng,Max Temp,Humidity,Cloudiness,Wind Speed,Current Description,Rain Inches (last 3hours),Snow Inches (last 3hours)
0,Quatre Cocos,MU,2020-01-02 06:34:29,-20.21,57.76,84.2,79,75,6.93,broken clouds,0.0,0.0
1,Port Hedland,AU,2020-01-02 06:34:29,-20.31,118.58,95.0,50,83,19.46,broken clouds,0.0,0.0
2,Barrow,AR,2020-01-02 06:34:30,-38.31,-60.23,54.46,97,7,5.99,clear sky,0.0,0.0
3,Ushuaia,AR,2020-01-02 06:34:30,-54.81,-68.31,62.6,48,40,3.36,scattered clouds,0.0,0.0
4,Upernavik,GL,2020-01-02 06:34:30,72.79,-56.15,-15.56,85,90,6.02,overcast clouds,0.0,0.0
5,Rikitea,PF,2020-01-02 06:34:30,-23.12,-134.97,78.4,83,39,6.26,scattered clouds,0.0,0.0
6,Hambantota,LK,2020-01-02 06:34:31,6.12,81.12,82.4,100,75,6.93,broken clouds,0.0,0.0
7,Cape Town,ZA,2020-01-02 06:30:22,-33.93,18.42,72.0,77,20,17.22,few clouds,0.0,0.0
8,Souillac,FR,2020-01-02 06:34:31,45.6,-0.6,48.2,93,90,3.36,overcast clouds,0.0,0.0
9,San Patricio,PY,2020-01-02 06:34:32,-26.98,-56.83,69.94,89,0,5.39,clear sky,0.0,0.0
10,Khatanga,RU,2020-01-02 06:34:32,71.98,102.47,-9.8,85,24,6.04,few clouds,0.0,0.0
11,Fuerte Olimpo,BR,2020-01-02 06:34:32,-21.04,-57.87,76.78,71,29,4.47,scattered clouds,0.0,0.0
12,Jamestown,AU,2020-01-02 06:34:32,-33.21,138.6,93.16,8,0,9.01,clear sky,0.0,0.0
13,Marquette,US,2020-01-02 06:34:32,46.54,-87.4,32.0,92,90,9.17,overcast clouds,0.0,0.0
14,Banting,MY,2020-01-02 06:34:33,2.82,101.5,91.4,59,40,3.36,scattered clouds,0.0,0.0
15,Arraial Do Cabo,BR,2020-01-02 06:34:33,-22.97,-42.02,77.0,88,69,11.41,broken clouds,0.0,0.0
16,Muros,ES,2020-01-02 06:34:33,42.77,-9.06,52.0,100,90,2.24,fog,0.0,0.0
17,Flinders,AU,2020-01-02 06:34:33,-34.58,150.85,75.99,53,0,12.75,clear sky,0.0,0.0
18,Lakatoro,VU,2020-01-02 06:34:34,-16.11,167.42,82.4,69,9,6.93,clear sky,0.0,0.0
19,Thompson,CA,2020-01-02 06:34:34,55.74,-97.86,6.8,84,90,3.36,light snow,0.0,0.0
20,Busselton,AU,2020-01-02 06:34:34,-33.64,115.35,70.0,62,61,5.01,broken clouds,0.0,0.0
21,Butaritari,KI,2020-01-02 06:34:34,3.07,172.79,82.9,79,100,12.19,moderate rain,5.06,0.0
22,Nikolskoye,RU,2020-01-02 06:34:35,59.7,30.79,37.99,86,40,17.9,scattered clouds,0.0,0.0
23,Kodiak,US,2020-01-02 06:34:35,39.95,-94.76,44.01,70,1,10.29,clear sky,0.0,0.0
24,Rameshki,RU,2020-01-02 06:34:35,57.35,36.05,32.68,97,100,12.08,light snow,0.0,1.0
25,Chakrata,IN,2020-01-02 06:34:35,30.7,77.87,57.34,31,100,3.0,overcast clouds,0.0,0.0
26,Bredasdorp,ZA,2020-01-02 06:34:36,-34.53,20.04,72.0,77,75,5.82,broken clouds,0.0,0.0
27,Talnakh,RU,2020-01-02 06:34:36,69.49,88.39,-0.4,84,100,17.9,light snow,0.0,0.0
28,Punta Arenas,CL,2020-01-02 06:34:36,-53.16,-70.91,59.0,67,75,13.87,broken clouds,0.0,0.0
29,Carnarvon,ZA,2020-01-02 06:34:36,-30.97,22.13,74.62,35,0,4.43,clear sky,0.0,0.0
30,East London,ZA,2020-01-02 06:34:02,-33.02,27.91,73.4,78,40,12.75,scattered clouds,0.0,0.0
31,Cherskiy,RU,2020-01-02 06:34:37,68.75,161.3,0.46,62,100,17.09,overcast clouds,0.0,0.0
32,Hilo,US,2020-01-02 06:34:37,19.71,-155.08,71.6,78,1,4.7,clear sky,0.0,0.0
33,Manggar,ID,2020-01-02 06:34:37,-2.88,108.27,83.62,77,72,13.85,light rain,2.38,0.0
34,Blagoyevo,RU,2020-01-02 06:34:38,63.37,47.92,0.46,98,82,5.66,broken clouds,0.0,0.0
35,Tuatapere,NZ,2020-01-02 06:34:38,-46.13,167.69,61.0,66,8,8.99,clear sky,0.0,0.0
36,Puerto Ayora,EC,2020-01-02 06:34:39,-0.74,-90.35,73.0,81,49,3.0,scattered clouds,0.0,0.0
37,Saskylakh,RU,2020-01-02 06:34:39,71.97,114.09,-14.3,83,0,12.1,clear sky,0.0,0.0
38,Inuvik,CA,2020-01-02 06:34:39,68.36,-133.71,-4.0,76,90,8.05,light snow,0.0,0.0
39,Kenora,CA,2020-01-02 06:34:39,49.76,-94.48,24.8,92,90,5.82,light snow,0.0,0.0
40,Lebu,ET,2020-01-02 06:34:40,8.96,38.73,62.6,45,40,11.41,scattered clouds,0.0,0.0
41,Marfino,RU,2020-01-02 06:34:40,56.07,37.56,34.0,95,90,15.66,light snow,0.0,0.0
42,Chegdomyn,RU,2020-01-02 06:34:40,51.13,133.04,-18.62,93,100,1.45,overcast clouds,0.0,0.0
43,Manzhouli,CN,2020-01-02 06:34:41,49.6,117.43,3.34,83,0,11.65,clear sky,0.0,0.0
44,New Norfolk,AU,2020-01-02 06:34:41,-42.78,147.06,71.01,43,54,14.99,broken clouds,0.0,0.0
45,Altay,CN,2020-01-02 06:34:41,47.83,88.13,23.14,85,100,1.1,overcast clouds,0.0,0.0
46,Haines Junction,CA,2020-01-02 06:34:42,60.75,-137.51,5.14,88,5,13.13,clear sky,0.0,0.0
47,Pevek,RU,2020-01-02 06:34:42,69.7,170.27,-11.6,83,28,9.1,scattered clouds,0.0,0.0
48,Ghanzi,BW,2020-01-02 06:34:42,-21.7,21.65,74.08,72,95,2.13,overcast clouds,0.0,0.0
49,Dikson,RU,2020-01-02 06:33:03,73.51,80.55,-0.26,92,100,25.21,light snow,0.0,0.13
50,Veraval,FR,2020-01-02 06:34:43,49.65,0.71,42.8,100,90,3.36,fog,0.0,0.0
51,Kapaa,US,2020-01-02 06:34:43,22.08,-159.32,69.8,83,1,6.93,clear sky,0.0,0.0
52,Mahebourg,MU,2020-01-02 06:34:43,-20.41,57.7,84.2,79,75,6.93,broken clouds,0.0,0.0
53,Elko,US,2020-01-02 06:34:44,40.83,-115.76,33.8,74,90,3.36,overcast clouds,0.0,0.0
54,Mataura,NZ,2020-01-02 06:34:44,-46.19,168.86,61.0,66,15,8.99,few clouds,0.0,0.0
55,Barabinsk,RU,2020-01-02 06:34:44,55.35,78.35,31.42,93,100,10.13,light snow,0.0,0.13
56,Torbay,CA,2020-01-02 06:34:45,47.66,-52.73,36.0,91,90,8.05,light rain,0.0,0.0
57,Albany,US,2020-01-02 06:34:45,42.65,-73.75,33.01,81,75,5.82,broken clouds,0.0,0.0
58,Miles City,US,2020-01-02 06:34:45,46.41,-105.84,34.0,93,90,5.82,overcast clouds,0.0,0.0
59,Atuona,PF,2020-01-02 06:34:46,-9.8,-139.03,80.38,73,0,16.42,clear sky,0.0,0.0
60,Saint-Pierre,FR,2020-01-02 06:34:46,48.95,4.24,37.99,100,90,11.41,light rain,0.0,0.0
61,Hasaki,JP,2020-01-02 06:34:46,35.73,140.83,51.8,45,40,3.36,scattered clouds,0.0,0.0
62,Vaini,IN,2020-01-02 06:34:46,15.34,74.49,80.6,47,40,3.36,scattered clouds,0.0,0.0
63,Lata,IN,2020-01-02 06:34:47,30.78,78.62,17.74,63,100,5.1,overcast clouds,0.0,0.0
64,Cururupu,BR,2020-01-02 06:34:47,-1.82,-44.87,74.44,97,99,2.77,light rain,0.88,0.0
65,Noumea,NC,2020-01-02 06:33:40,-22.28,166.46,80.6,54,75,19.46,broken clouds,0.0,0.0
66,Ondangwa,NA,2020-01-02 06:34:47,-17.91,15.98,75.2,83,75,4.7,broken clouds,0.0,0.0
67,Tigao,PH,2020-01-02 06:34:48,9.21,126.18,81.28,69,76,7.61,light rain,0.44,0.0
68,Teya,MX,2020-01-02 06:34:48,21.05,-89.07,73.4,88,5,8.05,clear sky,0.0,0.0
69,Dale,CN,2020-01-02 06:34:48,24.09,109.99,65.98,71,92,4.68,overcast clouds,0.0,0.0
70,Avarua,CK,2020-01-02 06:34:49,-21.21,-159.78,77.0,83,84,10.29,broken clouds,0.0,0.0
71,Vila Velha,BR,2020-01-02 06:34:49,-3.71,-38.6,86.0,83,20,3.36,few clouds,0.0,0.0
72,Ugoofaaru,MV,2020-01-02 06:34:49,5.67,73.0,82.18,79,51,14.05,light rain,0.25,0.0
73,Zonguldak,TR,2020-01-02 06:34:49,41.25,31.83,33.8,100,40,1.12,scattered clouds,0.0,0.0
74,Puerto Escondido,MX,2020-01-02 06:34:50,15.86,-97.07,75.2,73,5,3.29,clear sky,0.0,0.0
75,Kavieng,PG,2020-01-02 06:34:50,-2.57,150.8,84.7,69,87,4.36,light rain,1.5,0.0
76,Launceston,AU,2020-01-02 06:34:32,-41.43,147.14,75.2,36,93,17.22,overcast clouds,0.0,0.0
77,Coquimbo,CL,2020-01-02 06:34:51,-29.95,-71.34,59.0,87,90,5.82,overcast clouds,0.0,0.0
78,Usinsk,RU,2020-01-02 06:34:51,66.0,57.56,6.04,95,100,12.15,light snow,0.0,0.38
79,Waipawa,NZ,2020-01-02 06:34:51,-39.94,176.59,73.0,58,24,7.0,few clouds,0.0,0.0
80,Castro,CL,2020-01-02 06:34:51,-42.48,-73.76,53.6,76,2,3.36,clear sky,0.0,0.0
81,Katsuura,JP,2020-01-02 06:34:52,33.93,134.5,53.6,50,20,12.75,few clouds,0.0,0.0
82,Tasiilaq,GL,2020-01-02 06:34:52,65.61,-37.64,10.4,51,26,23.04,scattered clouds,0.0,0.0
83,Novyy Urengoy,RU,2020-01-02 06:34:52,66.08,76.63,-6.02,97,49,8.41,scattered clouds,0.0,0.0
84,Matara,BI,2020-01-02 06:34:52,-3.48,29.48,64.36,85,100,2.91,overcast clouds,0.0,0.0
85,Longyearbyen,NO,2020-01-02 06:34:53,78.22,15.63,8.6,50,40,13.87,scattered clouds,0.0,0.0
86,Tuktoyaktuk,CA,2020-01-02 06:34:53,69.44,-133.03,-7.6,76,90,17.22,light snow,0.0,0.0
87,Muscat,OM,2020-01-02 06:33:27,23.6,58.55,77.0,50,51,3.36,broken clouds,0.0,0.0
88,Port Elizabeth,US,2020-01-02 06:34:53,39.31,-74.98,32.0,92,1,5.1,clear sky,0.0,0.0
89,Walla Walla,US,2020-01-02 06:30:20,46.06,-118.33,50.0,70,40,14.99,scattered clouds,0.0,0.0
90,San Cristobal,HN,2020-01-02 06:34:54,14.68,-86.92,64.9,92,39,5.17,light rain,0.13,0.0
91,Khvoynaya,RU,2020-01-02 06:34:54,58.9,34.53,34.3,94,100,11.54,light snow,0.0,1.0
92,Palmer,AU,2020-01-02 06:34:54,-34.85,139.16,91.0,54,48,13.87,scattered clouds,0.0,0.0
93,Port Alfred,ZA,2020-01-02 06:34:54,-33.59,26.89,73.0,82,26,5.01,scattered clouds,0.0,0.0
94,Elliot Lake,CA,2020-01-02 06:34:55,46.37,-82.65,33.8,74,90,8.05,overcast clouds,0.0,0.0
95,Provideniya,RU,2020-01-02 06:34:55,64.42,-173.23,-17.54,87,43,10.98,scattered clouds,0.0,0.0
96,Salym,RU,2020-01-02 06:34:55,60.06,71.48,1.0,96,79,4.38,broken clouds,0.0,0.0
97,Hermanus,ZA,2020-01-02 06:34:55,-34.42,19.24,72.0,76,69,16.04,broken clouds,0.06,0.0
98,Tiksi,RU,2020-01-02 06:34:56,71.64,128.87,-24.2,70,0,4.0,clear sky,0.0,0.0
99,Avon,US,2020-01-02 06:33:51,41.45,-82.04,39.99,64,1,13.87,clear sky,0.0,0.0
100,Ostrovnoy,RU,2020-01-02 06:34:56,68.05,39.51,19.9,89,100,14.85,overcast clouds,0.0,0.0
101,Kupang,ID,2020-01-02 06:34:56,-10.16,123.6,82.4,78,75,13.38,broken clouds,0.0,0.0
102,Segovia,ES,2020-01-02 06:32:41,40.95,-4.12,39.99,100,0,2.24,clear sky,0.0,0.0
103,Hobart,AU,2020-01-02 06:33:42,-42.88,147.33,71.01,43,64,14.99,broken clouds,0.0,0.0
104,Ginda,IN,2020-01-02 06:34:57,30.69,78.49,52.48,29,97,4.83,overcast clouds,0.0,0.0
105,Ponta Do Sol,BR,2020-01-02 06:34:58,-20.63,-46.0,66.34,95,100,1.28,light rain,0.94,0.0
106,Nadvoitsy,RU,2020-01-02 06:34:58,63.89,34.27,35.56,88,95,10.65,light rain,1.0,0.0
107,Salalah,OM,2020-01-02 06:34:58,17.01,54.1,78.8,65,20,3.36,few clouds,0.0,0.0
108,Ketchikan,US,2020-01-02 06:34:58,55.34,-131.65,33.8,86,75,3.36,broken clouds,0.0,0.0
109,Artyom,RU,2020-01-02 06:34:59,43.36,132.19,26.6,19,0,6.71,clear sky,0.0,0.0
110,Huarmey,PE,2020-01-02 06:34:59,-10.07,-78.15,67.6,81,68,1.9,broken clouds,0.0,0.0
111,Victoria,BN,2020-01-02 06:30:16,5.28,115.24,87.8,70,75,8.05,broken clouds,0.0,0.0
112,Richards Bay,ZA,2020-01-02 06:34:59,-28.77,32.06,77.14,85,25,9.1,scattered clouds,0.0,0.0
113,Chuy,UY,2020-01-02 06:35:00,-33.69,-53.46,68.14,80,92,9.64,light rain,0.13,0.0
114,Canutama,BR,2020-01-02 06:35:00,-6.53,-64.38,69.76,97,93,0.85,overcast clouds,0.0,0.0
115,Nuuk,GL,2020-01-02 06:35:00,64.17,-51.74,24.8,85,100,13.87,light snow,0.0,0.0
116,Qaqortoq,GL,2020-01-02 06:35:00,60.72,-46.03,10.4,51,71,2.24,broken clouds,0.0,0.0
117,San Carlos,NI,2020-01-02 06:35:01,11.12,-84.78,71.01,20,47,4.27,scattered clouds,0.06,0.0
118,Christchurch,NZ,2020-01-02 06:35:01,-43.53,172.64,66.99,77,11,16.11,few clouds,0.0,0.0
119,Bluff,AU,2020-01-02 06:35:01,-23.58,149.07,99.1,19,0,11.12,clear sky,0.0,0.0
120,Cidreira,BR,2020-01-02 06:35:01,-30.17,-50.22,74.44,83,93,20.04,light rain,0.44,0.0
121,Fortuna,US,2020-01-02 06:35:02,40.6,-124.16,48.99,93,40,4.07,fog,0.0,0.0
122,Stromness,CA,2020-01-02 06:35:02,42.87,-79.55,39.99,86,90,17.22,overcast clouds,0.0,0.0
123,Bhaderwah,IN,2020-01-02 06:35:02,32.98,75.72,41.14,31,100,3.71,overcast clouds,0.0,0.0
124,Marsh Harbour,BS,2020-01-02 06:35:02,26.54,-77.06,73.18,58,6,6.13,clear sky,0.0,0.0
125,Kajaani,FI,2020-01-02 06:35:03,64.22,27.73,37.4,84,70,19.46,broken clouds,0.0,0.0
126,Los Llanos De Aridane,ES,2020-01-02 06:35:03,28.66,-17.92,66.2,29,100,16.11,overcast clouds,0.0,0.0
127,Marawi,PH,2020-01-02 06:35:03,8.0,124.29,84.0,75,57,8.99,broken clouds,0.0,0.0
128,Castanas,PH,2020-01-02 06:35:04,13.88,121.55,80.01,89,47,10.0,light rain,0.62,0.0
129,Lompoc,US,2020-01-02 06:31:07,34.64,-120.46,59.0,93,1,11.41,clear sky,0.0,0.0
130,Hirado,JP,2020-01-02 06:35:04,33.32,129.49,55.99,66,40,11.41,scattered clouds,0.0,0.0
131,Cedar City,US,2020-01-02 06:32:20,37.68,-113.06,33.8,74,75,17.22,broken clouds,0.0,0.0
132,Aksarka,RU,2020-01-02 06:35:05,66.56,67.8,1.36,91,38,11.45,scattered clouds,0.0,0.0
133,Esperance,AU,2020-01-02 06:35:05,-33.86,121.89,71.6,68,90,20.8,overcast clouds,0.0,0.0
134,Saint-Philippe,CA,2020-01-02 06:35:05,45.36,-73.48,33.01,90,90,14.99,overcast clouds,0.0,0.0
135,Sinnamary,GF,2020-01-02 06:35:05,5.38,-52.96,78.94,74,64,13.15,light rain,0.19,0.0
136,Watertown,US,2020-01-02 06:35:05,44.9,-97.12,35.01,86,90,10.29,overcast clouds,0.0,0.0
137,Sitka,US,2020-01-02 06:35:06,37.17,-99.65,39.0,63,3,0.85,clear sky,0.0,0.0
138,Ostersund,SE,2020-01-02 06:35:06,63.18,14.64,39.99,64,100,12.75,overcast clouds,0.0,0.0
139,Aasiaat,GL,2020-01-02 06:35:06,68.71,-52.87,-0.98,87,96,9.6,overcast clouds,0.0,0.0
140,Chokurdakh,RU,2020-01-02 06:35:07,70.62,147.9,-17.54,98,98,2.68,overcast clouds,0.0,0.0
141,Rawson,AR,2020-01-02 06:35:07,-43.3,-65.11,65.8,71,4,26.66,clear sky,0.0,0.0
142,Chemainus,CA,2020-01-02 06:35:07,48.92,-123.72,46.0,75,90,4.7,overcast clouds,0.0,0.0
143,Nazareno,MX,2020-01-02 06:35:08,25.4,-103.42,51.04,81,99,4.07,light rain,0.13,0.0
144,Superior,US,2020-01-02 06:35:08,39.95,-105.17,41.0,32,1,40.26,clear sky,0.0,0.0
145,Komsomolskiy,RU,2020-01-02 06:35:08,67.55,63.78,3.16,95,100,15.7,overcast clouds,0.0,0.0
146,Yumen,CN,2020-01-02 06:35:09,40.29,97.04,26.02,42,3,1.3,clear sky,0.0,0.0
147,Yellowknife,CA,2020-01-02 06:35:09,62.45,-114.38,6.8,84,90,4.7,light snow,0.0,0.0
148,Pinawa,CA,2020-01-02 06:35:09,50.15,-95.88,24.04,96,97,7.29,light snow,0.0,0.25
149,Barranca,PE,2020-01-02 06:35:09,-10.75,-77.76,69.22,93,59,10.74,broken clouds,0.0,0.0
150,Codrington,AU,2020-01-02 06:35:10,-28.95,153.24,89.6,51,0,13.87,clear sky,0.0,0.0
151,Quzhou,CN,2020-01-02 06:35:10,28.97,118.86,55.18,74,72,4.18,broken clouds,0.0,0.0
152,Umm Kaddadah,SD,2020-01-02 06:35:10,13.6,26.69,68.5,21,50,9.01,scattered clouds,0.0,0.0
153,Hithadhoo,MV,2020-01-02 06:30:31,-0.6,73.08,83.62,74,7,10.58,light rain,0.13,0.0
154,Misratah,LY,2020-01-02 06:35:11,32.38,15.09,59.14,62,32,16.4,scattered clouds,0.0,0.0
155,Penzance,GB,2020-01-02 06:35:11,50.12,-5.53,51.01,87,43,12.75,scattered clouds,0.0,0.0
156,Airai,TL,2020-01-02 06:35:11,-8.93,125.41,76.24,82,99,3.94,moderate rain,6.19,0.0
157,Ronne,FR,2020-01-02 06:35:12,48.45,0.83,46.4,100,90,3.36,drizzle,0.0,0.0
158,Vallenar,CL,2020-01-02 06:35:12,-28.58,-70.76,54.64,89,0,1.99,clear sky,0.0,0.0
159,Monitos,CO,2020-01-02 06:35:12,8.25,-76.05,71.2,96,52,1.95,broken clouds,0.0,0.0
160,Vila Franca Do Campo,PT,2020-01-02 06:35:12,37.72,-25.43,53.6,81,20,6.93,few clouds,0.0,0.0
161,Porto Novo,BR,2020-01-02 06:35:13,-23.68,-45.44,69.8,88,75,3.69,broken clouds,0.0,0.0
162,Viedma,AR,2020-01-02 06:35:13,-40.81,-62.99,59.86,87,1,10.02,clear sky,0.0,0.0
163,Kahului,US,2020-01-02 06:33:55,20.89,-156.47,73.4,73,40,6.93,moderate rain,0.0,0.0
164,Borogontsy,RU,2020-01-02 06:35:14,62.67,131.17,-28.16,95,99,4.81,overcast clouds,0.0,0.0
165,Krapina,HR,2020-01-02 06:35:14,46.16,15.87,28.0,92,75,2.24,mist,0.0,0.0
166,Paamiut,GL,2020-01-02 06:35:14,61.99,-49.67,20.98,58,100,10.33,overcast clouds,0.0,0.0
167,Georgetown,GY,2020-01-02 06:35:14,6.8,-58.16,71.6,100,20,4.7,few clouds,0.0,0.0
168,Berlevag,NO,2020-01-02 06:35:15,70.86,29.09,28.4,79,75,9.17,broken clouds,0.0,0.0
169,Lavrentiya,RU,2020-01-02 06:35:15,65.58,-170.99,-12.14,82,81,18.52,broken clouds,0.0,0.0
170,Kathu,ZA,2020-01-02 06:35:15,-27.7,23.05,79.0,65,0,10.36,clear sky,0.0,0.0
171,Barabai,ID,2020-01-02 06:35:15,-2.59,115.38,86.14,73,92,2.37,moderate rain,4.88,0.0
172,Skogn,NO,2020-01-02 06:35:16,63.7,11.19,42.01,93,75,16.11,broken clouds,0.0,0.0
173,Kruisfontein,ZA,2020-01-02 06:35:16,-34.0,24.73,68.86,73,19,5.79,few clouds,0.0,0.0
174,Vostok,RU,2020-01-02 06:35:16,46.45,135.83,1.18,85,5,6.42,clear sky,0.0,0.0
175,Pocking,AT,2020-01-02 06:35:16,48.4,13.31,33.01,100,0,1.12,clear sky,0.0,0.0
176,Vyartsilya,RU,2020-01-02 06:35:17,62.18,30.69,37.36,88,98,9.62,overcast clouds,0.0,0.0
177,Broken Hill,AU,2020-01-02 06:35:17,-31.97,141.45,93.2,9,0,5.82,clear sky,0.0,0.0
178,Nelson Bay,AU,2020-01-02 06:35:17,-32.72,152.14,73.4,69,90,11.41,overcast clouds,0.0,0.0
179,Puerto Ayacucho,CO,2020-01-02 06:35:18,5.66,-67.63,71.74,93,85,1.72,overcast clouds,0.0,0.0
180,Porto Franco,BR,2020-01-02 06:35:18,-6.34,-47.4,71.56,98,100,4.83,heavy intensity rain,25.25,0.0
181,Sao Joao Da Barra,BR,2020-01-02 06:35:19,-21.64,-41.05,75.88,86,86,11.79,overcast clouds,0.0,0.0
182,Galle,GN,2020-01-02 06:35:19,10.08,-12.83,64.18,29,24,2.82,few clouds,0.0,0.0
183,Touros,BR,2020-01-02 06:35:20,-5.2,-35.46,75.2,94,40,3.36,light rain,0.0,0.0
184,Saldanha,PT,2020-01-02 06:35:20,41.42,-6.55,36.46,71,1,1.92,clear sky,0.0,0.0
185,Tura,RU,2020-01-02 06:35:20,64.27,100.22,-10.34,97,98,4.23,overcast clouds,0.0,0.0
186,Puerto Del Rosario,ES,2020-01-02 06:35:20,28.5,-13.86,64.4,42,41,18.34,scattered clouds,0.0,0.0
187,Karratha,AU,2020-01-02 06:33:42,-20.74,116.85,83.98,73,62,13.27,broken clouds,0.0,0.0
188,Lom,BG,2020-01-02 06:35:21,43.82,23.24,29.98,86,0,5.53,clear sky,0.0,0.0
189,Normandin,CA,2020-01-02 06:35:21,48.84,-72.53,26.6,86,90,6.93,overcast clouds,0.0,0.0
190,Norman Wells,CA,2020-01-02 06:35:21,65.28,-126.83,-9.4,83,90,14.99,light snow,0.0,0.0
191,Batsfjord,NO,2020-01-02 06:35:22,70.63,29.72,28.4,85,75,6.93,light shower snow,0.0,0.0
192,Lagoa,PT,2020-01-02 06:35:22,37.14,-8.45,55.4,76,40,9.17,scattered clouds,0.0,0.0
193,Naryan-Mar,RU,2020-01-02 06:35:22,67.67,53.09,7.66,93,94,10.89,overcast clouds,0.0,0.0
194,Port Shepstone,ZA,2020-01-02 06:35:22,-30.74,30.45,76.78,85,87,0.87,light rain,0.56,0.0
195,Baneh,IR,2020-01-02 06:35:23,35.99,45.88,35.6,100,52,3.36,broken clouds,0.0,0.0
196,Constitucion,MX,2020-01-02 06:35:23,23.99,-104.67,42.01,76,100,7.0,light rain,0.75,0.0
197,Enid,US,2020-01-02 06:35:23,36.4,-97.88,37.4,93,1,11.99,clear sky,0.0,0.0
198,Vila Do Maio,CV,2020-01-02 06:35:24,15.13,-23.22,71.6,78,100,12.75,haze,0.0,0.0
199,Ukiah,US,2020-01-02 06:35:24,39.15,-123.21,53.01,76,1,10.29,clear sky,0.0,0.0
200,Nioki,CD,2020-01-02 06:35:24,-2.72,17.69,75.88,83,100,3.74,overcast clouds,0.0,0.0
201,Grindavik,IS,2020-01-02 06:35:24,63.84,-22.43,32.0,58,75,39.15,light shower snow,0.0,0.0
202,Batagay-Alyta,RU,2020-01-02 06:35:25,67.8,130.41,-21.5,72,46,4.21,scattered clouds,0.0,0.0
203,Dalby,AU,2020-01-02 06:35:25,-27.18,151.26,102.99,23,0,12.75,clear sky,0.0,0.0
204,Merauke,ID,2020-01-02 06:35:25,-8.49,140.4,89.2,56,61,8.41,broken clouds,0.0,0.0
205,Raahe,FI,2020-01-02 06:35:25,64.68,24.47,41.0,75,92,17.22,overcast clouds,0.0,0.0
206,Port Lincoln,AU,2020-01-02 06:35:26,-34.72,135.86,75.88,39,48,12.66,scattered clouds,0.0,0.0
207,Obo,CF,2020-01-02 06:35:26,5.39,26.49,78.4,31,7,7.56,clear sky,0.0,0.0
208,Gumdag,TM,2020-01-02 06:35:26,39.2,54.59,48.16,59,67,4.85,broken clouds,0.0,0.0
209,Chumikan,RU,2020-01-02 06:35:27,54.72,135.31,-4.04,73,88,18.59,overcast clouds,0.0,0.0
210,Burns Lake,CA,2020-01-02 06:35:27,54.23,-125.76,16.48,88,0,4.61,clear sky,0.0,0.0
211,Ribeira Grande,PT,2020-01-02 06:35:28,38.52,-28.7,55.18,70,0,9.1,clear sky,0.0,0.0
212,Gizo,IL,2020-01-02 06:35:28,31.8,34.94,55.4,76,75,3.36,broken clouds,0.0,0.0
213,Qinzhou,CN,2020-01-02 06:35:28,21.96,108.62,73.0,68,100,11.45,overcast clouds,0.0,0.0
214,Lashio,MM,2020-01-02 06:35:28,22.93,97.75,73.18,53,99,2.01,overcast clouds,0.0,0.0
215,Salisbury,GB,2020-01-02 06:35:29,51.07,-1.8,46.99,93,75,5.82,broken clouds,0.0,0.0
216,Niquero,CU,2020-01-02 06:35:29,20.04,-77.58,70.12,87,86,8.19,overcast clouds,0.0,0.0
217,Roald,NO,2020-01-02 06:35:29,62.58,6.12,53.6,54,100,31.09,overcast clouds,0.0,0.0
218,Dzilam Gonzalez,MX,2020-01-02 06:35:29,21.28,-88.93,75.88,83,24,18.57,few clouds,0.0,0.0
219,Alibag,IN,2020-01-02 06:35:30,18.64,72.88,84.0,51,7,8.05,smoke,0.0,0.0
220,Port Macquarie,AU,2020-01-02 06:35:30,-31.43,152.91,87.01,65,27,11.41,scattered clouds,0.0,0.0
221,Tessalit,ML,2020-01-02 06:35:30,20.2,1.01,46.9,33,9,14.23,clear sky,0.0,0.0
222,Bayan,CN,2020-01-02 06:35:30,36.1,102.26,35.2,26,14,4.23,few clouds,0.0,0.0
223,Lorengau,PG,2020-01-02 06:35:31,-2.02,147.27,84.7,68,88,3.89,overcast clouds,0.0,0.0
224,Aden,YE,2020-01-02 06:31:51,12.79,45.03,81.64,64,55,13.49,broken clouds,0.0,0.0
225,Abha,SA,2020-01-02 06:32:12,18.22,42.5,64.4,59,0,9.17,clear sky,0.0,0.0
226,Bambari,CF,2020-01-02 06:35:31,5.77,20.68,70.84,26,99,8.34,overcast clouds,0.0,0.0
227,Alice Springs,AU,2020-01-02 06:30:41,-23.7,133.88,107.6,9,36,9.17,scattered clouds,0.0,0.0
228,Chapais,CA,2020-01-02 06:35:32,49.78,-74.86,19.4,85,90,3.36,overcast clouds,0.0,0.0
229,Acapulco,MX,2020-01-02 06:35:32,16.86,-99.88,75.2,88,40,3.36,scattered clouds,0.0,0.0
230,Jalu,LY,2020-01-02 06:35:33,29.03,21.55,43.66,84,0,8.97,clear sky,0.0,0.0
231,Ulaanbaatar,MN,2020-01-02 06:34:31,47.92,106.92,5.0,54,0,2.24,clear sky,0.0,0.0
232,Eyl,SO,2020-01-02 06:35:33,7.98,49.82,79.12,80,2,19.33,clear sky,0.0,0.0
233,Kaitangata,NZ,2020-01-02 06:35:33,-46.28,169.85,62.01,69,23,4.0,few clouds,0.0,0.0
234,Dongsheng,CN,2020-01-02 06:35:34,29.72,112.52,43.84,65,100,6.04,overcast clouds,0.0,0.0
235,Mayo,CA,2020-01-02 06:35:34,63.59,-135.9,24.8,92,90,3.36,overcast clouds,0.0,0.0
236,Klyuchi,RU,2020-01-02 06:35:34,52.25,79.17,27.64,81,89,14.85,overcast clouds,0.0,0.0
237,Gualeguaychu,AR,2020-01-02 06:35:34,-33.01,-58.51,66.0,89,9,1.99,clear sky,0.0,0.0
238,Necochea,AR,2020-01-02 06:32:01,-38.55,-58.74,55.99,1,34,4.0,scattered clouds,0.0,0.0
239,Rio Cuarto,AR,2020-01-02 06:35:35,-33.13,-64.35,66.2,77,20,6.93,few clouds,0.0,0.0
240,Bilma,NE,2020-01-02 06:35:35,18.69,12.92,40.78,58,0,16.49,clear sky,0.0,0.0
241,Barmer,IN,2020-01-02 06:35:36,25.74,71.4,67.6,53,24,13.33,few clouds,0.0,0.0
242,Adrar,DZ,2020-01-02 06:35:36,27.87,-0.29,35.6,55,0,11.41,clear sky,0.0,0.0
243,Caala,AO,2020-01-02 06:35:36,-12.85,15.56,60.8,100,75,5.82,heavy intensity rain,0.0,0.0
244,Calama,CL,2020-01-02 06:35:37,-22.46,-68.93,50.0,43,4,8.05,clear sky,0.0,0.0
245,Qaanaaq,GL,2020-01-02 06:35:37,77.48,-69.36,-35.9,87,99,6.67,overcast clouds,0.0,0.0
246,Goure,NE,2020-01-02 06:35:37,13.98,10.27,48.99,40,0,15.01,clear sky,0.0,0.0
247,Moba,CD,2020-01-02 06:35:37,-7.04,29.77,77.32,68,98,1.1,overcast clouds,0.0,0.0
248,Rocha,UY,2020-01-02 06:35:38,-34.48,-54.34,65.08,87,100,8.63,light rain,0.13,0.0
249,Hervey Bay,AU,2020-01-02 06:35:38,-25.3,152.85,86.0,55,40,14.99,scattered clouds,0.0,0.0
250,Cabo San Lucas,MX,2020-01-02 06:33:33,22.89,-109.91,64.0,79,0,1.01,clear sky,0.0,0.0
251,Port Augusta,AU,2020-01-02 06:35:38,-32.49,137.76,99.0,7,0,3.0,clear sky,0.0,0.0
252,Okha,RU,2020-01-02 06:35:39,53.59,142.95,2.8,93,100,19.24,light snow,0.0,0.44
253,Saint Anthony,US,2020-01-02 06:30:48,43.97,-111.68,30.2,86,90,13.87,overcast clouds,0.0,0.0
254,Fare,PF,2020-01-02 06:35:39,-16.7,-151.02,82.0,81,98,16.62,light rain,0.25,0.0
255,Bethel,US,2020-01-02 06:35:39,60.79,-161.76,-5.8,76,1,4.7,clear sky,0.0,0.0
256,Miri,NG,2020-01-02 06:35:40,10.31,9.75,49.24,36,35,6.38,scattered clouds,0.0,0.0
257,Sachse,US,2020-01-02 06:35:40,32.98,-96.6,54.0,71,1,12.75,clear sky,0.0,0.0
258,Sisimiut,GL,2020-01-02 06:35:40,66.94,-53.67,0.46,81,97,7.94,overcast clouds,0.0,0.0
259,Dolores,UY,2020-01-02 06:35:40,-33.53,-58.22,62.02,96,1,8.95,clear sky,0.0,0.0
260,Luderitz,NA,2020-01-02 06:35:41,-26.65,15.16,69.8,52,0,10.29,clear sky,0.0,0.0
261,Broome,GB,2020-01-02 06:35:41,52.47,1.45,45.0,93,75,11.41,broken clouds,0.0,0.0
262,San Rafael,AR,2020-01-02 06:35:41,-34.61,-68.33,69.58,53,0,6.2,clear sky,0.0,0.0
263,Cascais,PT,2020-01-02 06:35:41,38.7,-9.42,53.01,100,75,3.36,mist,0.0,0.0
264,San Pedro De Ycuamandiyu,PY,2020-01-02 06:35:42,-24.09,-57.08,74.62,69,25,4.27,scattered clouds,0.0,0.0
265,Kargat,RU,2020-01-02 06:35:42,55.19,80.28,32.5,97,100,19.95,light snow,0.0,1.0
266,Kortkeros,RU,2020-01-02 06:35:42,61.81,51.56,15.8,92,90,6.71,overcast clouds,0.0,0.0
267,Andujar,ES,2020-01-02 06:35:43,38.04,-4.05,44.01,65,0,3.0,clear sky,0.0,0.0
268,Iqaluit,CA,2020-01-02 06:32:24,63.75,-68.52,3.2,84,90,3.36,light snow,0.0,0.0
269,Comodoro Rivadavia,AR,2020-01-02 06:35:43,-45.87,-67.48,59.0,93,0,7.65,clear sky,0.0,0.0
270,Yerbogachen,RU,2020-01-02 06:35:22,61.28,108.01,3.88,96,87,6.55,overcast clouds,0.0,0.0
271,Ancud,CL,2020-01-02 06:35:43,-41.87,-73.83,53.6,76,0,3.36,clear sky,0.0,0.0
272,Marystown,CA,2020-01-02 06:35:44,47.17,-55.16,37.99,100,63,14.09,broken clouds,0.0,0.0
273,Nanortalik,GL,2020-01-02 06:35:44,60.14,-45.24,26.02,50,94,18.05,overcast clouds,0.0,0.0
274,Bow Island,CA,2020-01-02 06:35:44,49.87,-111.38,30.0,100,90,5.82,overcast clouds,0.0,0.0
275,Tombouctou,ML,2020-01-02 06:35:45,16.77,-3.01,54.46,19,0,14.88,clear sky,0.0,0.0
276,Namtsy,RU,2020-01-02 06:35:45,62.72,129.66,-38.2,65,75,5.23,fog,0.0,0.0
277,Eydhafushi,MV,2020-01-02 06:35:45,5.1,73.07,82.36,79,31,13.94,light rain,0.56,0.0
278,Georgiyevka,RU,2020-01-02 06:35:45,52.25,40.45,22.78,93,0,9.53,clear sky,0.0,0.0
279,Gikongoro,RW,2020-01-02 06:35:45,-2.46,29.57,64.54,78,79,2.26,broken clouds,0.0,0.0
280,Vardo,US,2020-01-02 06:35:46,39.62,-77.74,35.01,55,1,5.82,clear sky,0.0,0.0
281,Saint George,GR,2020-01-02 06:35:46,39.45,22.34,39.99,51,20,3.36,few clouds,0.0,0.0
282,La Asuncion,AR,2020-01-02 06:35:46,-26.05,-65.39,61.48,87,88,1.19,light rain,0.25,0.0
283,Leua,AO,2020-01-02 06:35:47,-11.65,20.45,68.68,90,100,2.3,overcast clouds,0.0,0.0
284,Klichka,RU,2020-01-02 06:35:47,50.44,118.0,-2.6,86,0,3.0,clear sky,0.0,0.0
285,Dingle,PH,2020-01-02 06:35:48,11.0,122.67,83.44,64,32,16.08,scattered clouds,0.0,0.0
286,Numan,NG,2020-01-02 06:35:48,9.46,12.04,58.96,33,63,5.77,broken clouds,0.0,0.0
287,Kysyl-Syr,RU,2020-01-02 06:35:48,63.9,122.77,-36.8,97,0,2.1,clear sky,0.0,0.0
288,Tezu,IN,2020-01-02 06:35:48,27.93,96.16,68.5,45,100,1.86,overcast clouds,0.0,0.0
289,Alihe,CN,2020-01-02 06:35:49,50.57,123.73,2.62,71,0,4.88,clear sky,0.0,0.0
290,Alta Floresta,BR,2020-01-02 06:35:49,-9.87,-56.08,70.84,99,99,3.51,overcast clouds,0.0,0.0
291,Sorland,NO,2020-01-02 06:35:50,67.67,12.69,39.2,93,75,13.87,moderate rain,0.0,0.0
292,Tsilna,RU,2020-01-02 06:35:50,54.59,48.14,21.2,73,21,8.95,few clouds,0.0,0.0
293,Half Moon Bay,US,2020-01-02 06:35:50,37.46,-122.43,55.0,87,1,9.17,clear sky,0.0,0.0
294,Maceio,BR,2020-01-02 06:35:50,-9.67,-35.74,75.2,94,75,5.82,light rain,0.0,0.0
295,Bilibino,RU,2020-01-02 06:35:51,68.06,166.44,-13.76,68,95,3.33,overcast clouds,0.0,0.0
296,Buraydah,SA,2020-01-02 06:35:51,26.33,43.97,57.2,50,98,5.82,overcast clouds,0.0,0.0
297,Santa Cruz,BR,2020-01-02 06:35:51,-6.22,-36.02,71.2,97,72,3.62,broken clouds,0.0,0.0
298,Goderich,CA,2020-01-02 06:35:52,43.74,-81.71,37.0,87,86,5.01,overcast clouds,0.0,0.0
299,Mumbwa,ZM,2020-01-02 06:35:52,-14.99,27.06,72.1,86,100,2.33,overcast clouds,0.0,0.0
300,Strezhevoy,RU,2020-01-02 06:35:52,60.73,77.6,10.4,85,90,4.47,light snow,0.0,0.0
301,Faanui,PF,2020-01-02 06:35:52,-16.48,-151.75,81.82,80,97,18.32,light rain,0.94,0.0
302,Pauini,BR,2020-01-02 06:35:53,-7.71,-67.0,73.0,98,100,1.81,overcast clouds,0.0,0.0
303,Middelburg,NL,2020-01-02 06:32:42,51.5,3.61,39.2,100,68,12.75,mist,0.0,0.0
304,Taoudenni,ML,2020-01-02 06:35:53,22.68,-3.98,46.54,37,33,10.58,scattered clouds,0.0,0.0
305,Do Gonbadan,IR,2020-01-02 06:35:53,30.36,50.8,48.2,70,65,2.8,broken clouds,0.0,0.0
306,Klaksvik,FO,2020-01-02 06:35:54,62.23,-6.59,44.6,87,100,14.99,light rain,0.63,0.0
307,Pangnirtung,CA,2020-01-02 06:35:54,66.15,-65.72,3.2,65,20,2.24,few clouds,0.0,0.0
308,Pinega,RU,2020-01-02 06:35:54,64.7,43.39,11.8,92,96,8.84,overcast clouds,0.0,0.0
309,Sawakin,SD,2020-01-02 06:35:54,19.1,37.33,74.8,77,95,10.31,overcast clouds,0.0,0.0
310,Bandarbeyla,SO,2020-01-02 06:35:55,9.49,50.81,78.94,78,20,16.11,few clouds,0.0,0.0
311,Kavaratti,IN,2020-01-02 06:35:55,10.57,72.64,87.8,66,40,4.7,scattered clouds,0.0,0.0
312,Onda,ES,2020-01-02 06:35:55,39.96,-0.26,46.4,93,0,1.12,clear sky,0.0,0.0
313,Bereda,ES,2020-01-02 06:35:56,43.27,-7.54,46.0,100,20,2.24,few clouds,0.0,0.0
314,Cap-Chat,CA,2020-01-02 06:34:49,49.1,-66.68,19.0,92,100,10.74,light snow,0.0,0.31
315,Raudeberg,NO,2020-01-02 06:35:56,61.99,5.14,52.0,81,75,35.57,broken clouds,0.0,0.0
316,Estelle,FR,2020-01-02 06:35:56,43.97,3.47,37.4,93,90,5.82,overcast clouds,0.0,0.0
317,Chongwe,ZM,2020-01-02 06:35:56,-15.33,28.68,73.4,69,75,4.7,broken clouds,0.0,0.0
318,Clyde River,CA,2020-01-02 06:35:57,70.47,-68.59,-7.6,76,90,12.75,light snow,0.0,0.0
319,Marsa Matruh,EG,2020-01-02 06:35:57,31.35,27.25,48.2,81,40,10.29,scattered clouds,0.0,0.0
320,Baturaja,ID,2020-01-02 06:35:57,-4.12,104.17,88.48,57,44,6.87,scattered clouds,0.0,0.0
321,Prestea,GH,2020-01-02 06:35:57,5.43,-2.14,71.74,91,77,2.75,broken clouds,0.0,0.0
322,Marica,BR,2020-01-02 06:35:58,-22.92,-42.82,80.6,78,91,8.05,overcast clouds,0.0,0.0
323,Nogales,CL,2020-01-02 06:35:58,-32.73,-71.2,51.8,100,0,1.07,clear sky,0.0,0.0
324,Pisco,PE,2020-01-02 06:35:59,-13.71,-76.2,69.8,88,75,6.93,broken clouds,0.0,0.0
325,Halifax,CA,2020-01-02 06:33:26,44.65,-63.58,35.01,76,90,14.99,overcast clouds,0.0,0.0
326,Gornopravdinsk,RU,2020-01-02 06:35:59,60.06,69.92,1.0,97,93,4.23,overcast clouds,0.0,0.0
327,Bubaque,GW,2020-01-02 06:35:59,11.28,-15.83,77.5,44,92,13.22,overcast clouds,0.0,0.0
328,Binghamton,US,2020-01-02 06:36:00,42.1,-75.91,25.0,79,1,8.05,clear sky,0.0,0.0
329,Santa Maria,BR,2020-01-02 06:36:00,-16.02,-48.01,69.8,88,40,4.7,scattered clouds,0.0,0.0
330,Zhadovka,RU,2020-01-02 06:36:00,53.57,46.95,12.7,94,66,8.25,broken clouds,0.0,0.0
331,Tocopilla,CL,2020-01-02 06:36:00,-22.09,-70.2,52.12,40,0,3.76,clear sky,0.0,0.0
332,Mount Gambier,AU,2020-01-02 06:36:01,-37.83,140.78,73.4,40,81,16.11,broken clouds,0.0,0.0
333,Kenai,US,2020-01-02 06:36:01,60.55,-151.26,9.0,65,90,8.05,overcast clouds,0.0,0.0
334,Babstovo,RU,2020-01-02 06:36:01,48.12,132.48,4.24,75,10,10.8,clear sky,0.0,0.0
335,Ballitoville,ZA,2020-01-02 06:36:02,-29.54,31.21,77.0,78,75,5.82,broken clouds,0.0,0.0
336,Cockburn Town,TC,2020-01-02 06:36:02,21.46,-71.14,78.04,71,0,10.33,clear sky,0.0,0.0
337,Serenje,ZM,2020-01-02 06:36:02,-13.23,30.22,68.86,85,100,2.42,overcast clouds,0.0,0.0
338,Hualmay,PE,2020-01-02 06:36:02,-11.1,-77.61,66.7,84,71,1.92,broken clouds,0.0,0.0
339,Zhaoqing,CN,2020-01-02 06:34:15,23.05,112.47,72.0,60,99,4.43,overcast clouds,0.0,0.0
340,Kloulklubed,PW,2020-01-02 06:36:03,7.04,134.26,84.2,70,75,11.41,broken clouds,0.0,0.0
341,Kourou,GF,2020-01-02 06:33:41,5.16,-52.64,69.8,100,40,4.94,scattered clouds,0.0,0.0
342,Panama City,US,2020-01-02 06:36:04,30.16,-85.65,60.01,71,20,5.82,light intensity drizzle,0.0,0.0
343,Develi,TR,2020-01-02 06:36:04,38.39,35.49,35.6,89,75,4.7,broken clouds,0.0,0.0
344,Xai-Xai,MZ,2020-01-02 06:36:04,-25.04,33.64,84.88,63,92,1.21,overcast clouds,0.0,0.0
345,Severo-Kurilsk,RU,2020-01-02 06:36:04,50.68,156.12,13.6,75,72,3.4,light snow,0.0,0.19
346,Hofn,IS,2020-01-02 06:36:05,64.25,-15.21,37.72,64,35,38.74,light snow,0.0,0.31
347,Bongandanga,CD,2020-01-02 06:36:05,1.51,21.07,77.32,46,100,1.59,overcast clouds,0.0,0.0
348,Bagan,RU,2020-01-02 06:36:05,54.1,77.67,31.6,90,100,19.44,light snow,0.0,0.13
349,Zhezkazgan,KZ,2020-01-02 06:36:05,47.8,67.71,26.6,100,90,11.18,fog,0.0,0.0
350,Thohoyandou,ZA,2020-01-02 06:36:06,-22.97,30.46,76.06,73,87,2.53,overcast clouds,0.0,0.0
351,Borba,BR,2020-01-02 06:36:06,-4.39,-59.59,73.0,99,100,3.47,light rain,0.63,0.0
352,Chihuahua,MX,2020-01-02 06:36:06,28.66,-106.08,45.0,56,96,7.0,overcast clouds,0.0,0.0
353,Leshukonskoye,RU,2020-01-02 06:36:06,64.9,45.76,5.32,95,75,6.93,broken clouds,0.0,0.0
354,Shingu,JP,2020-01-02 06:36:07,33.72,135.99,51.8,50,20,13.87,few clouds,0.0,0.0
355,Vigrestad,NO,2020-01-02 06:36:07,58.57,5.7,44.6,87,75,18.34,light intensity drizzle,0.0,0.0
356,Mar Del Plata,AR,2020-01-02 06:36:07,-46.43,-67.52,63.64,70,0,2.66,clear sky,0.0,0.0
357,Alyangula,AU,2020-01-02 06:36:08,-13.85,136.42,95.0,47,75,6.93,broken clouds,0.0,0.0
358,Yenagoa,NG,2020-01-02 06:36:08,4.92,6.26,71.56,85,53,4.76,broken clouds,0.0,0.0
359,Saint-Georges,CA,2020-01-02 06:36:08,46.12,-70.67,30.0,93,100,5.01,light snow,0.0,0.31
360,La Ronge,CA,2020-01-02 06:36:09,55.1,-105.3,21.2,100,90,3.36,light snow,0.0,0.0
361,Cayenne,GF,2020-01-02 06:36:09,4.94,-52.33,69.8,100,40,4.94,scattered clouds,0.0,0.0
362,Maragogi,BR,2020-01-02 06:36:09,-9.01,-35.22,79.66,78,100,14.2,overcast clouds,0.0,0.0
363,Labuhan,ID,2020-01-02 06:36:10,-2.54,115.51,86.14,73,92,2.37,moderate rain,4.88,0.0
364,Kiskoros,HU,2020-01-02 06:36:10,46.62,19.29,26.01,100,20,6.93,mist,0.0,0.0
365,Nome,US,2020-01-02 06:36:10,30.04,-94.42,60.01,100,90,3.36,drizzle,0.0,0.0
366,Zittau,CZ,2020-01-02 06:36:10,50.9,14.81,35.01,80,0,10.25,clear sky,0.0,0.0
367,Edissiya,RU,2020-01-02 06:36:11,44.04,44.55,37.0,91,100,4.03,overcast clouds,0.0,0.0
368,San Quintin,PH,2020-01-02 06:36:11,17.54,120.52,87.04,52,0,6.08,clear sky,0.0,0.0
369,Guadalajara,ES,2020-01-02 06:34:41,40.63,-3.16,39.99,92,0,4.7,clear sky,0.0,0.0
370,Pucallpa,PE,2020-01-02 06:34:13,-8.38,-74.54,75.2,94,75,5.82,broken clouds,0.0,0.0
371,Chalus,IR,2020-01-02 06:36:12,36.66,51.42,53.6,76,40,1.92,scattered clouds,0.0,0.0
372,Knysna,ZA,2020-01-02 06:34:43,-34.04,23.05,68.0,82,90,5.82,overcast clouds,0.0,0.0
373,Oxford,US,2020-01-02 06:36:12,33.61,-85.83,46.0,75,1,4.21,clear sky,0.0,0.0
374,Rio Branco,BR,2020-01-02 06:36:12,-9.98,-67.82,73.4,100,75,4.7,broken clouds,0.0,0.0
375,Conceicao Do Araguaia,BR,2020-01-02 06:36:12,-8.26,-49.26,71.74,98,97,2.89,light rain,0.56,0.0
376,Fort Dix,US,2020-01-02 06:36:13,40.03,-74.62,32.0,79,1,3.36,clear sky,0.0,0.0
377,Xinpu,CN,2020-01-02 06:36:13,27.63,119.93,51.94,78,51,1.68,broken clouds,0.0,0.0
378,Sabha,LY,2020-01-02 06:36:13,27.03,14.43,41.14,93,0,8.48,clear sky,0.0,0.0
379,Bowen,AU,2020-01-02 06:36:13,-20.01,148.25,87.8,58,5,14.99,clear sky,0.0,0.0
380,Camopi,GF,2020-01-02 06:36:14,3.17,-52.33,65.98,99,47,2.71,scattered clouds,0.0,0.0
381,Khipro,PK,2020-01-02 06:36:14,25.83,69.38,64.0,26,73,15.52,broken clouds,0.0,0.0
382,Barreirinhas,BR,2020-01-02 06:36:14,-2.75,-42.83,75.7,89,100,4.05,overcast clouds,0.0,0.0
383,Kerema,PG,2020-01-02 06:36:15,-7.96,145.78,87.94,59,66,7.29,broken clouds,0.0,0.0
384,Wanning,AT,2020-01-02 06:36:15,48.64,13.53,33.01,100,0,1.12,clear sky,0.0,0.0
385,Ekhabi,RU,2020-01-02 06:36:15,53.51,142.97,2.8,93,100,19.24,light snow,0.0,0.44
386,Irawan,PH,2020-01-02 06:36:15,9.8,118.69,89.6,62,40,23.04,scattered clouds,0.0,0.0
387,Vangaindrano,MG,2020-01-02 06:36:16,-23.35,47.6,85.42,64,4,1.9,clear sky,0.0,0.0
388,Beringovskiy,RU,2020-01-02 06:36:16,63.05,179.32,-13.22,80,0,14.41,clear sky,0.0,0.0
389,El Alto,BO,2020-01-02 06:36:16,-16.5,-68.19,42.8,93,75,2.24,broken clouds,0.0,0.0
390,Troy,US,2020-01-02 06:33:51,42.73,-73.69,33.01,81,75,5.82,broken clouds,0.0,0.0
391,Te Anau,NZ,2020-01-02 06:36:17,-45.41,167.72,59.32,52,0,10.94,clear sky,0.0,0.0
392,Shouguang,CN,2020-01-02 06:36:17,36.88,118.73,43.12,31,25,5.7,scattered clouds,0.0,0.0
393,College,US,2020-01-02 06:36:18,64.86,-147.8,-2.2,83,90,1.45,light snow,0.0,0.0
394,Goba,ET,2020-01-02 06:36:18,7.01,39.97,56.08,76,62,2.68,broken clouds,0.0,0.0
395,Tighina,RO,2020-01-02 06:36:18,44.57,24.3,19.4,85,0,2.24,clear sky,0.0,0.0
396,Nola,CF,2020-01-02 06:36:18,3.52,16.05,67.06,36,77,1.79,broken clouds,0.0,0.0
397,Nisia Floresta,BR,2020-01-02 06:36:18,-6.09,-35.21,77.0,94,40,3.36,light rain,0.0,0.0
398,Chernyshevskiy,RU,2020-01-02 06:36:19,63.01,112.47,-3.5,95,94,7.18,overcast clouds,0.0,0.0
399,Qasigiannguit,GL,2020-01-02 06:36:19,68.82,-51.19,6.8,65,100,3.36,overcast clouds,0.0,0.0
400,Dullewala,PK,2020-01-02 06:36:19,31.84,71.44,59.5,29,99,3.69,overcast clouds,0.0,0.0
401,Guarapari,BR,2020-01-02 06:36:20,-20.67,-40.5,77.0,88,40,10.29,scattered clouds,0.0,0.0
402,Avera,US,2020-01-02 06:36:20,33.19,-82.53,46.99,80,1,4.99,clear sky,0.0,0.0
403,Bosaso,SO,2020-01-02 06:36:20,11.28,49.18,82.4,69,5,19.46,clear sky,0.0,0.0
404,Shitanjing,CN,2020-01-02 06:36:20,39.23,106.34,30.88,48,0,3.85,clear sky,0.0,0.0
405,Chippewa Falls,US,2020-01-02 06:35:02,44.94,-91.39,33.8,100,90,4.7,overcast clouds,0.0,0.0
406,Belyy Yar,RU,2020-01-02 06:36:21,53.6,91.39,26.6,68,100,6.71,overcast clouds,0.0,0.0
407,Riyadh,SA,2020-01-02 06:36:21,24.63,46.72,60.8,31,100,10.29,overcast clouds,0.0,0.0
408,Don Sak,TH,2020-01-02 06:36:22,9.32,99.69,90.0,83,20,2.24,light rain,0.0,0.0
409,Moen,BE,2020-01-02 06:36:22,50.77,3.4,37.99,93,90,6.93,mist,0.0,0.0
410,Rabat,MA,2020-01-02 06:36:22,34.02,-6.83,50.0,93,75,2.24,broken clouds,0.0,0.0
411,The Valley,AI,2020-01-02 06:36:23,18.22,-63.06,77.0,88,20,1.12,few clouds,0.0,0.0
412,Axim,GH,2020-01-02 06:36:23,4.87,-2.24,74.62,83,72,1.7,broken clouds,0.0,0.0
413,Sao Miguel Do Araguaia,BR,2020-01-02 06:36:23,-13.28,-50.16,71.74,98,94,3.27,moderate rain,5.56,0.0
414,Tymovskoye,RU,2020-01-02 06:33:04,50.85,142.66,1.9,92,100,7.2,light snow,0.0,0.19
415,Montrose,GB,2020-01-02 06:36:24,56.71,-2.47,46.4,75,87,28.86,overcast clouds,0.0,0.0
416,Verkhniy Baskunchak,KZ,2020-01-02 06:36:24,48.23,46.72,33.94,95,99,12.68,overcast clouds,0.0,0.0
417,Asino,RU,2020-01-02 06:36:24,57.0,86.14,27.46,90,100,13.82,light snow,0.0,0.19
418,Utete,TZ,2020-01-02 06:36:25,-7.99,38.76,83.98,77,85,7.65,overcast clouds,0.0,0.0
419,Zhangye,CN,2020-01-02 06:36:25,38.94,100.46,36.28,24,0,0.92,clear sky,0.0,0.0
420,Road Town,VG,2020-01-02 06:36:25,18.42,-64.62,75.99,94,90,16.11,heavy intensity rain,0.0,0.0
421,Turukhansk,RU,2020-01-02 06:36:25,65.8,87.96,2.26,96,100,5.99,light snow,0.0,0.31
422,Ilulissat,GL,2020-01-02 06:36:26,69.22,-51.1,6.8,65,100,3.36,overcast clouds,0.0,0.0
423,Panjab,AF,2020-01-02 06:36:26,34.38,67.02,14.68,91,100,5.77,light snow,0.0,0.5
424,Buncrana,GB,2020-01-02 06:36:26,55.14,-7.45,45.82,88,94,13.96,overcast clouds,0.0,0.0
425,Boyolangu,ID,2020-01-02 06:36:26,-8.09,111.9,86.14,68,53,1.99,moderate rain,5.88,0.0
426,Binzhou,CN,2020-01-02 06:36:27,37.38,117.96,40.96,29,79,5.64,broken clouds,0.0,0.0
427,Sangar,RU,2020-01-02 06:36:27,63.92,127.47,-38.42,98,58,2.44,broken clouds,0.0,0.0
428,Port Arthur,US,2020-01-02 06:33:53,29.9,-93.93,57.2,100,90,3.36,drizzle,0.0,0.0
429,Pierre,US,2020-01-02 06:34:11,44.37,-100.35,37.99,86,90,12.75,overcast clouds,0.0,0.0
430,Taksimo,RU,2020-01-02 06:36:28,56.36,114.84,-10.34,93,4,1.88,clear sky,0.0,0.0
431,Padang,ID,2020-01-02 06:36:28,-0.92,100.36,84.7,54,89,2.13,overcast clouds,0.0,0.0
432,Verkhoyansk,RU,2020-01-02 06:36:28,67.55,133.39,-29.6,87,74,2.39,broken clouds,0.0,0.0
433,Yinchuan,CN,2020-01-02 06:36:28,38.48,106.21,29.26,50,0,2.71,clear sky,0.0,0.0
434,Narsaq,GL,2020-01-02 06:36:29,60.91,-46.05,10.4,51,35,2.24,scattered clouds,0.0,0.0
435,Arlit,NE,2020-01-02 06:36:29,18.74,7.39,42.76,42,0,9.35,clear sky,0.0,0.0
436,Carballo,ES,2020-01-02 06:36:29,43.21,-8.69,46.0,100,20,2.24,few clouds,0.0,0.0
437,Vila,IT,2020-01-02 06:36:29,45.18,8.4,37.99,100,5,2.64,fog,0.0,0.0
438,Kamenka,MD,2020-01-02 06:36:30,48.03,28.7,30.0,83,70,5.97,broken clouds,0.0,0.0
439,Ixtapa,MX,2020-01-02 06:31:54,20.71,-105.21,64.99,93,90,4.7,moderate rain,0.0,0.0
440,Lazaro Cardenas,MX,2020-01-02 06:36:30,28.39,-105.62,45.0,56,100,7.0,overcast clouds,0.0,0.0
441,Port Antonio,JM,2020-01-02 06:36:30,18.18,-76.45,78.8,83,20,9.17,few clouds,0.0,0.0
442,Port Keats,AU,2020-01-02 06:36:31,-14.25,129.55,92.26,56,81,10.45,light rain,0.38,0.0
443,Itarema,BR,2020-01-02 06:36:31,-2.92,-39.92,76.06,90,83,3.33,broken clouds,0.0,0.0
444,Russell,US,2020-01-02 06:36:31,38.9,-98.86,42.01,80,1,4.7,clear sky,0.0,0.0
445,Ambilobe,MG,2020-01-02 06:36:32,-13.19,49.05,81.64,77,100,2.62,overcast clouds,0.0,0.0
446,Vysokogornyy,RU,2020-01-02 06:36:32,50.1,139.13,-9.44,96,100,4.0,overcast clouds,0.0,0.0
447,Balkanabat,TM,2020-01-02 06:36:32,39.51,54.36,45.64,59,72,0.58,broken clouds,0.0,0.0
448,Bela Pod Bezdezem,CZ,2020-01-02 06:36:33,50.5,14.8,28.99,92,20,2.24,mist,0.0,0.0
449,Inyonga,TZ,2020-01-02 06:36:33,-6.72,32.06,71.74,86,100,0.65,overcast clouds,0.0,0.0
450,Santa Ana,MX,2020-01-02 06:36:33,30.54,-111.12,44.01,90,47,3.51,scattered clouds,0.0,0.0
451,Tolaga Bay,NZ,2020-01-02 06:36:33,-38.37,178.3,70.48,75,41,7.85,scattered clouds,0.0,0.0
452,Lobito,AO,2020-01-02 06:36:34,-12.35,13.55,78.8,83,75,1.7,broken clouds,0.0,0.0
453,Gaoua,BF,2020-01-02 06:36:34,10.33,-3.18,60.4,18,0,6.69,clear sky,0.0,0.0
454,Meulaboh,ID,2020-01-02 06:36:34,4.14,96.13,81.46,63,80,1.19,broken clouds,0.0,0.0
455,Santa Lucia,IT,2020-01-02 06:36:34,41.98,12.66,46.0,69,0,3.36,clear sky,0.0,0.0
456,Anju,KP,2020-01-02 06:36:35,39.62,125.66,28.0,64,7,3.58,clear sky,0.0,0.0
457,Antofagasta,CL,2020-01-02 06:36:26,-23.65,-70.4,66.2,77,75,2.24,broken clouds,0.0,0.0
458,Itoman,JP,2020-01-02 06:36:35,26.12,127.67,68.0,52,75,11.41,broken clouds,0.0,0.0
459,Valle Hermoso,MX,2020-01-02 06:36:36,25.67,-97.82,61.0,93,90,5.82,overcast clouds,0.0,0.0
460,Pitimbu,BR,2020-01-02 06:36:36,-7.47,-34.81,77.0,94,20,2.24,few clouds,0.0,0.0
461,Sola,TZ,2020-01-02 06:36:36,-3.17,33.8,69.94,76,100,9.98,overcast clouds,0.0,0.0
462,Sabinas,MX,2020-01-02 06:36:36,27.85,-101.13,56.62,66,100,14.61,overcast clouds,0.0,0.0
463,Valley City,US,2020-01-02 06:36:37,46.92,-98.0,32.0,95,90,17.22,overcast clouds,0.0,0.0
464,Isangel,VU,2020-01-02 06:36:37,-19.55,169.27,80.6,69,75,11.41,broken clouds,0.0,0.0
465,Waingapu,ID,2020-01-02 06:36:37,-9.65,120.26,84.34,77,96,19.73,light rain,1.63,0.0
466,Methoni,GR,2020-01-02 06:36:38,36.82,21.7,48.2,39,20,9.17,few clouds,0.0,0.0
467,Bara,NG,2020-01-02 06:36:38,10.41,10.6,52.12,31,22,9.24,few clouds,0.0,0.0
468,Tiarei,PF,2020-01-02 06:32:42,-17.53,-149.33,80.6,78,40,10.29,scattered clouds,0.0,0.0
469,Elizabeth City,US,2020-01-02 06:36:38,36.3,-76.22,44.01,73,1,6.22,clear sky,0.0,0.0
470,Lakes Entrance,AU,2020-01-02 06:36:39,-37.88,147.99,71.01,50,20,5.99,few clouds,0.0,0.0
471,Berea,US,2020-01-02 06:36:39,37.57,-84.3,41.0,48,1,9.17,clear sky,0.0,0.0
472,Pekin,US,2020-01-02 06:36:39,40.57,-89.64,41.0,60,1,13.87,clear sky,0.0,0.0
473,Goiatuba,BR,2020-01-02 06:36:39,-18.02,-49.36,69.76,94,100,4.41,overcast clouds,0.0,0.0
474,Ordzhonikidze,UA,2020-01-02 06:36:40,44.96,35.36,37.72,77,98,18.72,light snow,0.0,0.13
475,Nouadhibou,MR,2020-01-02 06:36:40,20.93,-17.03,62.6,25,100,16.11,dust,0.0,0.0
476,Port-Gentil,GA,2020-01-02 06:36:40,-0.72,8.78,80.6,94,40,3.36,scattered clouds,0.0,0.0
477,Nabire,ID,2020-01-02 06:36:40,-3.36,135.5,87.76,61,12,5.68,few clouds,0.0,0.0
478,Derzhavinsk,KZ,2020-01-02 06:36:41,51.1,66.31,28.0,90,100,23.89,light snow,0.0,0.19
479,Gat,SN,2020-01-02 06:36:41,14.69,-16.54,69.8,37,21,14.99,dust,0.0,0.0
480,Teguldet,RU,2020-01-02 06:36:41,57.31,88.17,26.2,93,100,11.77,light snow,0.0,0.5
481,Husavik,CA,2020-01-02 06:36:41,50.56,-96.99,21.0,92,95,8.01,overcast clouds,0.0,0.0
482,Grand Gaube,MU,2020-01-02 06:36:42,-20.01,57.66,84.2,79,75,6.93,broken clouds,0.0,0.0
483,Srednekolymsk,RU,2020-01-02 06:36:42,67.46,153.71,-16.46,85,82,6.15,broken clouds,0.0,0.0
484,Atambua,ID,2020-01-02 06:36:42,-9.11,124.89,81.64,76,98,4.85,moderate rain,5.44,0.0
485,Zanjan,IR,2020-01-02 06:36:43,36.67,48.48,32.0,67,0,6.93,clear sky,0.0,0.0
486,Winnemucca,US,2020-01-02 06:34:58,40.97,-117.74,35.01,78,1,3.36,clear sky,0.0,0.0
487,Makakilo City,US,2020-01-02 06:36:43,21.35,-158.09,75.2,73,1,3.36,clear sky,0.0,0.0
488,Pochutla,MX,2020-01-02 06:36:43,15.74,-96.47,75.2,73,5,16.04,clear sky,0.0,0.0
489,Douglas,US,2020-01-02 06:36:44,58.28,-134.39,32.0,96,90,13.24,overcast clouds,0.0,0.0
490,Alofi,NU,2020-01-02 06:36:44,-19.06,-169.92,77.0,73,37,6.93,scattered clouds,0.0,0.0
491,Tres Arroyos,AR,2020-01-02 06:36:44,-38.38,-60.28,54.64,97,3,5.68,clear sky,0.0,0.0
492,Hobyo,SO,2020-01-02 06:36:44,5.35,48.53,82.0,66,24,18.01,light rain,0.19,0.0
493,Baruun-Urt,MN,2020-01-02 06:36:45,46.68,113.28,7.66,74,0,14.05,clear sky,0.0,0.0
494,Sainte-Suzanne,CH,2020-01-02 06:36:45,47.51,6.77,33.01,92,90,2.24,mist,0.0,0.0
495,Namie,JP,2020-01-02 06:36:45,37.52,140.86,46.99,55,40,13.87,scattered clouds,0.0,0.0
496,Portland,US,2020-01-02 06:35:17,43.66,-70.25,35.01,64,1,5.82,clear sky,0.0,0.0
497,High Level,CA,2020-01-02 06:36:46,58.52,-117.13,19.4,100,90,5.82,mist,0.0,0.0
498,Cacoal,BR,2020-01-02 06:36:46,-11.43,-61.44,72.28,99,100,4.29,light rain,2.81,0.0
499,Lieksa,FI,2020-01-02 06:36:46,63.32,30.02,35.92,87,84,12.55,broken clouds,0.0,0.0
500,Timberlake,US,2020-01-02 06:36:46,32.26,-81.31,48.0,93,1,3.36,clear sky,0.0,0.0
501,Porlamar,VE,2020-01-02 06:36:47,10.96,-63.85,78.8,88,40,7.99,scattered clouds,0.0,0.0
502,Jiangkou,CN,2020-01-02 06:36:47,30.7,117.56,46.18,83,100,2.93,overcast clouds,0.0,0.0
503,Cerrito,CO,2020-01-02 06:36:47,6.84,-72.7,68.0,88,40,5.82,scattered clouds,0.0,0.0
504,Bagdarin,RU,2020-01-02 06:36:47,54.44,113.59,2.26,77,0,3.62,clear sky,0.0,0.0
505,Mardin,TR,2020-01-02 06:36:48,37.32,40.72,41.0,100,75,4.7,broken clouds,0.0,0.0
506,Fairbanks,US,2020-01-02 06:32:27,64.84,-147.72,-2.2,83,90,1.54,light snow,0.0,0.0
507,Porosozero,RU,2020-01-02 06:36:48,62.72,32.71,35.92,90,85,9.75,overcast clouds,0.0,0.0
508,Barrinha,BR,2020-01-02 06:36:48,-21.19,-48.16,75.2,83,100,2.08,light rain,0.63,0.0
509,Singaraja,ID,2020-01-02 06:36:49,-8.11,115.08,83.8,70,99,7.14,overcast clouds,0.0,0.0
510,Zaysan,KZ,2020-01-02 06:36:49,47.47,84.87,10.9,96,24,2.46,few clouds,0.0,0.0
511,Poya,NC,2020-01-02 06:36:49,-21.35,165.16,74.62,78,21,17.67,few clouds,0.0,0.0
512,Sault Sainte Marie,CA,2020-01-02 06:36:49,46.49,-84.36,32.0,89,90,6.93,overcast clouds,0.0,0.0
513,Panorama,BR,2020-01-02 06:36:50,-21.35,-51.86,75.16,76,28,0.92,scattered clouds,0.0,0.0
514,Maksatikha,RU,2020-01-02 06:36:50,57.8,35.88,33.94,97,100,11.5,light snow,0.0,1.31
515,Tchibanga,GA,2020-01-02 06:36:50,-2.92,11.0,74.62,95,94,1.32,overcast clouds,0.0,0.0
516,Batamshinskiy,KZ,2020-01-02 06:36:50,50.56,58.27,32.0,94,75,20.13,light shower snow,0.0,0.0
517,Nemuro,JP,2020-01-02 06:36:51,43.32,145.57,26.6,42,20,4.7,few clouds,0.0,0.0
518,Cantaura,VE,2020-01-02 06:36:51,9.31,-64.36,72.1,84,73,7.74,broken clouds,0.0,0.0
519,Coahuayana,MX,2020-01-02 06:36:51,18.62,-100.35,70.84,65,56,0.67,broken clouds,0.0,0.0
520,Katsina,NG,2020-01-02 06:36:51,12.99,7.6,47.62,25,0,16.8,clear sky,0.0,0.0
521,Gouyave,GD,2020-01-02 06:36:52,12.16,-61.73,77.0,88,75,15.84,broken clouds,0.0,0.0
522,Rantoul,US,2020-01-02 06:36:52,40.31,-88.16,41.0,69,1,12.75,clear sky,0.0,0.0
523,Nova Vicosa,BR,2020-01-02 06:36:52,-17.89,-39.37,76.06,86,44,11.27,scattered clouds,0.0,0.0
524,Kabalo,CD,2020-01-02 06:36:52,-6.05,26.92,74.08,91,100,1.16,overcast clouds,0.0,0.0
525,Kuching,MY,2020-01-02 06:36:53,1.56,110.34,82.4,83,75,10.29,light intensity shower rain,0.0,0.0
526,Luwingu,ZM,2020-01-02 06:36:53,-10.26,29.92,70.66,84,97,1.52,overcast clouds,0.0,0.0
527,Sao Francisco De Paula,BR,2020-01-02 06:36:53,-29.45,-50.58,72.0,97,99,1.99,light rain,1.0,0.0
528,Taybad,IR,2020-01-02 06:36:54,34.74,60.78,49.6,60,6,10.89,light rain,0.19,0.0
529,Ayan,IR,2020-01-02 06:36:54,38.23,44.7,33.8,80,40,4.7,mist,0.0,0.0
530,Margate,AU,2020-01-02 06:36:54,-43.03,147.26,71.01,43,64,14.99,broken clouds,0.0,0.0
531,Guerrero Negro,MX,2020-01-02 06:36:55,27.97,-114.04,59.5,69,16,10.92,few clouds,0.0,0.0
532,Hami,CN,2020-01-02 06:36:55,42.84,93.51,27.1,46,100,4.36,overcast clouds,0.0,0.0
533,San Jose,HN,2020-01-02 06:35:04,14.25,-87.96,66.34,58,97,2.13,overcast clouds,0.0,0.0
534,Yotoco,CO,2020-01-02 06:36:55,3.86,-76.39,69.8,88,75,4.7,broken clouds,0.0,0.0
535,Bac,RS,2020-01-02 06:36:56,45.39,19.24,27.0,100,0,5.82,clear sky,0.0,0.0
536,Tazovskiy,RU,2020-01-02 06:36:56,67.47,78.7,-7.1,97,79,9.06,broken clouds,0.0,0.0
537,Szczecin,PL,2020-01-02 06:36:56,53.43,14.55,32.0,86,0,8.05,clear sky,0.0,0.0
538,Tahoua,NE,2020-01-02 06:36:56,14.89,5.26,51.8,27,0,16.11,sand,0.0,0.0
539,Pacific Grove,US,2020-01-02 06:34:53,36.62,-121.92,55.4,87,90,8.05,overcast clouds,0.0,0.0
540,Manitouwadge,CA,2020-01-02 06:36:57,49.12,-85.84,27.82,96,100,6.24,light snow,0.0,0.25
541,Kasongo-Lunda,CD,2020-01-02 06:36:57,-6.48,16.82,70.48,97,100,1.41,light rain,0.13,0.0
542,Villefontaine,FR,2020-01-02 06:36:57,45.61,5.16,34.0,100,90,2.24,fog,0.0,0.0
543,Iranshahr,IR,2020-01-02 06:36:58,27.21,60.69,66.2,52,3,4.7,clear sky,0.0,0.0
544,Leeuwarden,NL,2020-01-02 06:32:18,53.2,5.79,37.4,100,90,10.29,mist,0.0,0.0
545,Lingao,CN,2020-01-02 06:36:58,19.91,109.69,72.28,80,13,18.39,few clouds,0.0,0.0
546,Livingston,US,2020-01-02 06:34:34,32.58,-88.19,51.8,61,75,3.36,light rain,0.0,0.0
547,Beloha,MG,2020-01-02 06:36:59,-25.17,45.06,84.7,57,37,10.4,scattered clouds,0.0,0.0
548,Mehamn,NO,2020-01-02 06:36:59,71.03,27.85,28.4,79,75,9.17,broken clouds,0.0,0.0
